,index,0,1,2
9,10,Kendallglows me too love u,ğŸ˜£ ğŸ˜‘ ğŸ˜Ÿ,-6.0
25,36,6YearsOfOneDirection 6yearsof1D  I CANT EVEN 6 YEARS I LOVE YOU GUYS SO MUCH AND I MISS YOU GUYS AND I NEED YOU GUYS TO COME BACK,ğŸ˜­ ğŸ˜‘,-4.0
27,38,Love ranveersingh to the core  httpstcodIvO89DNIs,ğŸ˜‘ ğŸ˜š,3.0
31,42,ShannonJohal thanks my love miss youX,ğŸ˜˜ ğŸ˜‘,4.0
47,60,ForzaPapac what was in the wee bag  no wonder youre fulla love,ğŸ˜‘ ğŸ˜‚,4.0
48,62,RT Chymamusique I love people who love music Easier to get along with coz damn Im such an addict,ğŸ˜‘ ğŸ˜ˆ,-4.0
51,65,RT Koash_ kassandrabeth aw I love you baby Kas,ğŸ˜‘ ï¸,0.0
53,67,RT FemaleTexts I love this  httpstcoPtrhyiRzDj,ğŸ˜‘ ğŸ˜‚,4.0
62,78,RT CaseyMoreta love you all,ğŸ˜‘ ï¸,0.0
67,89,katyperry I love you whore,ğŸ˜‘ ğŸ˜Š,3.0
69,91,RT LanaParrilla Go get em tonight 45_Spacer Youre gonna rock the TheWhiskyAGoGo Im there in spirit Love you boys,ğŸ˜‘ ï¸,0.0
71,94,RT kayyreddingg I just love it when no one responds  1010 recommend for anyone in a boy dilemma,ğŸ˜‘ â˜º ï¸,0.0
76,101,I like sushi  I love it,ğŸ˜‘ ğŸ˜© ï¸,-2.0
77,102,How can you say you love me but hurt me like that,ğŸ˜‘ ğŸ˜°,-2.0
80,111,358,ğŸ˜‘  ï¸,0.0
90,124,EmSlough I would love to have one,ğŸ˜‘ â˜º ï¸,0.0
94,128,RT Vtsoppa BTS_twt Ive made a video for Bangtans Anniv Happy 3rd AnniversaryBangtan  I love you  httpstcopn8FlWHIMI,ğŸ˜‘ ğŸ˜˜  ğŸ˜­,0.0
98,132,RT jisy06 I love how supportive and encouraging Stephen and Emily are about Olicity and the shippers Theyre the best  httpstco,ğŸ˜‘ ï¸,0.0
104,145,RT xX_Duryonnaaaaa  I love my boyfriend w everything in me  no one understand not even him,ğŸ˜‘ ğŸ˜©  ï¸,-2.0
119,170,I love having that one person you can send ugly snaps too,ğŸ˜‘ ğŸ˜ˆ,-4.0
131,183,RT SoDamnTrue Michelle Obama James Corden and Missy Elliot  I love this httpstcos1u1dxaAfI,ğŸ˜‘ ğŸ˜‚,4.0
137,197,RT AmruthaDolly MamtaYPatnaik ROFL   I love Atharv  ViTharv JNDSD StarPlus vikram_the_Leo,ğŸ˜‘ â˜º ğŸ˜‚,4.0
144,212,RT HunterRowland That broke my heart guys I never want to see that again If you guys arent happy I can never be  Im gonna get some,ğŸ˜‘  ğŸ˜”,-1.0
147,242,I love seeing girls with nice makeup its like an obsession  like yass bitch slay,ğŸ˜‘ ğŸ˜,4.0
155,280,RT KianLawley i wanted 2 share this special moment w u guys my mom said this made her cry  happy bday mama love u to pieces  https,ğŸ˜‘ ğŸ˜‚  ğŸ˜¢ ï¸,2.0
157,286,RT Jeep_Porn Love this rig by Jr Marco  httpstcoGL1H8vU1Iy,ğŸ˜‘ ğŸ˜,1.0
158,287,I love drugs,ğŸ˜‘ ğŸ˜‚ ğŸ˜,8.0
165,295,RT Saakshi23x What happened to you nikifyinglife Please take care and get well soon bub  Love you,ğŸ˜­ ğŸ˜‘ ğŸ˜©,-6.0
173,309,RT DREAMER_PRAGATI KarNish looking fabGn my love KarNish sdTcSleepwell tons of loven blessings nisharawal _KaranMehra  h,ğŸ˜˜ ğŸ˜‘ ğŸ˜‡ ï¸,8.0
178,316,I TEARED UP I LOVE THEM ALL SO MUCH httpstcoNIbMuw5UPE,ğŸ˜‘ ğŸ˜¢,-2.0
179,317,RT fayak_m HAPPY 18th MINI Thank you for being my best friend amp always having my back I love you so much httpstcoqqgiSZmEa5,ğŸ˜­ ğŸ˜‘ ğŸ˜,0.0
183,322,love weekends when babe can sleep in and not leave me in the mornings,ğŸ˜‘ ğŸ˜´,0.0
185,324,This can NOT be  I still love My King even though his poor decision HunterRowland supporter forever babe httpstcoWnEVTZMCmD,ğŸ˜‘ ğŸ˜‚ â˜º ğŸ˜­ ğŸ˜’ ï¸,-2.0
188,328,onedirection i love,ğŸ˜‘ ğŸ˜,4.0
190,330,RT Dory I love this  httpstcow6yK8AcrNL,ğŸ˜‘ ğŸ˜‚,4.0
197,341,You dont just take love you have to earn it  gn,ğŸ˜‘ ğŸ˜˜ ï¸,4.0
210,354,ohh_heyybee awe happy birthday B hope u have a good one stay cute love ya,ğŸ˜‘ ğŸ˜Š,3.0
214,359,sphbennett happy bday Love u See you laterzzzx  httpstcobgqbn1pzj8,ğŸ˜‘ ï¸,0.0
224,373,I love that freaky shit,ğŸ˜‘ ğŸ˜œ ğŸ˜‰ ğŸ˜Š,6.0
231,385,SO to My Girlfriend for having my back no matter what I got much love for tha kid  TORACE_,ğŸ˜‘ ğŸ˜,4.0
235,390,craig_erickson_ Thank you so much I love you,ğŸ˜‘ â˜º ï¸,0.0
244,399,RT iliannatijerina marlena1027 NO WAY MARLENA I LOVE YOU SO MUCH OML,ğŸ˜­ ğŸ˜‘ ğŸ˜© ï¸,-6.0
258,414,RT ItsMarvinManee_ Love it wen my room is cold gonna sleep gooood,ğŸ˜‘ ğŸ˜,4.0
260,416,Love my mutt more than anything httpstcoskskGNAdNQ,ğŸ˜‘ ï¸,0.0
266,422,RT Herb_god_Kim First thing Jaime said tonight was well you smell nice  instead of Hey Kim I missed ya lmao still got much love fo,ğŸ˜‘ ğŸ˜‚,4.0
290,452,_Anodrac love of my life,ğŸ˜‘ ğŸ˜,4.0
299,470,Thank you Hannah I am incredibly lucky to have grown up with you too Much love to youampIll always have your back httpstcoeBKgsTtcFZ,ğŸ˜‘  â˜º ï¸,0.0
301,473,Waking up in the middle of the night and seeing the one you love is without a doubt the best feeling,ğŸ˜‘ ï¸,0.0
309,492,RT dedicatedtolea ok but we love you JohnStamos SDCC2016 SDCC  httpstconWJYgjqdSY,ğŸ˜‘ ğŸ˜‚,4.0
312,498,Happy 8 months my love  httpstcozD5LGvvkgp,ğŸ˜‘ ï¸,0.0
313,507,6YearsOfOneDirection  httpstcouafVBryd89,ğŸ˜‘ ï¸,0.0
316,512,love daxie wienerwaller dauschund morning cry sausage httpstcoiY6unaA8Mb,ğŸ˜‘ ï¸,0.0
320,516,Aww i love you bae  httpstcoPjlFnwPMAR,ğŸ˜­ ğŸ˜‘,-4.0
322,518,RT sebroche So heartbroken about the Munich shootings all my love to you Germany  httpstco8xLBCWidwt,ğŸ˜‘  ğŸ˜¢ ï¸,-2.0
327,523,queer_narcissus I love you so much for this,ğŸ˜‘ ğŸ˜‚,4.0
338,538,Youre the first person Ive seen do Young Justice style and Im in love  httpstcoI3UBiTgFsz,ğŸ˜‘ ğŸ˜ ğŸ˜­,0.0
340,540,RT PoizynAssassin Call me crazy but I think I found the love of my life,ğŸ˜‘ ï¸,0.0
341,541,RT SCREWHEAD_27 I love you so much Im crying tears of joy  Sonic25th Sonic2017 sonic_hedgehog httpstcobkC8IMaDNB,ğŸ˜‘ ğŸ˜‚ ğŸ˜­,0.0
345,546,RT bbmeegg forget the boy amp the pictures i just want my makeup to last through my sleep like this  httpstcos817Tidgke,ğŸ˜‘ ğŸ˜©,-2.0
353,556,RT RickyPDillon HAPPY BIRTHDAY SELENAGOMEZ I love you so much Thanks for being such a positive bright light in this world  httpst,ğŸ˜‘ ï¸,0.0
358,562,To my first ever idols happy 6th anniversary I love you boys so much  6yearsof1D,ğŸ˜­ ğŸ˜‘  ï¸,-4.0
361,569,RT Ilikebands12 This is why I love Ashton AshtonIsTheWisdomKing    httpstcoFp8j9xzqAL,ğŸ˜‘ ï¸,0.0
378,591,SAMEEEEE  httpstcofXJ5ntXDgB,ğŸ˜‹ ğŸ˜‘,4.0
389,610,RT sehunsqueen my stupid but precious little babies omfg i love this vcr so much  httpstcoHa697YfqM9,ğŸ˜­ ğŸ˜‘ ğŸ˜˜,0.0
390,611,RT _jayysterrr I love other pretty females like yassss boo slay  we can slaughter shit together lol,ğŸ˜‘ ğŸ˜,4.0
395,616,RT ltsKardashians Im in love with Kendall Jenner  httpstcoIgJ6QJv6n6,ğŸ˜‘ ğŸ˜»,4.0
400,622,I dont want no scrub  a scrub is a guy who cant get no love from me,ğŸ˜‘ ğŸ˜Œ,3.0
412,637,Me everyday httpstcoFPCHRGgTTP,ğŸ˜‘ ğŸ˜,4.0
416,648, httpstcoVCoB7Wa9Nq,ğŸ˜‘ ï¸,0.0
421,655,Waffle Ice cream is love   Sunday Folks httpstcoQs6ANbhIZR,ğŸ˜‘ ï¸,0.0
425,660,Greatly appreciated  Love you al  ht,ğŸ˜˜ ğŸ˜‘,4.0
428,663,In the Blinds sequel Time Would Envy Us is even more emo  their eternal love is just ahdbabxba,ğŸ˜‘ ğŸ˜­,-4.0
430,665,RT reverseflcsh He so in love with her  like that time he threw her out a window shot her threw her in a chemical bath goals  http,ğŸ˜‘  ğŸ˜,4.0
436,673,Omg Ill speak to you I love and miss youuu,ğŸ˜‘ ğŸ˜,4.0
437,675,I worked on that drawing for about 9 hours omg Im so tired ok goodnight everyone ily all and I LOVE MY BABY BOO MARK,ğŸ˜‘  ï¸,0.0
440,678,its_brendaaa I love you so much  thank you,ğŸ˜­ ğŸ˜‘ ğŸ˜˜ ï¸,0.0
442,680,How I love to think of yoga  httpstcoDoFEUdKnOK,ğŸ˜‘ ï¸ ğŸ˜Š,3.0
447,687,RT TheRevivaITour So beautiful  httpstcoLnkGbrdEGy,ğŸ˜‘ â˜º ï¸,0.0
449,689,im in love with the moneyyyy yeah yeah,ğŸ˜‘ ğŸ˜,4.0
455,698,realtimrozon laynemorgan KatBarrell Syfy  Epic Love seeing the cast are having fun amp sharing it with us earpers,ğŸ˜‘ ğŸ˜‚,4.0
463,706,thanks peanut butter  we in this for the long way httpstcoyTHm6AHcJv,ğŸ˜­ ğŸ˜‘,-4.0
465,709,Lesdoggg we love you girl DaceampAldo,ğŸ˜‘ ğŸ˜‰ ğŸ˜,8.0
473,719,RT makeupidoI Love her make up  httpstcoJY94IZSkHN,ğŸ˜‘ ğŸ˜»,4.0
474,720,Adele puts up the bird httpstcoYwUQxBV4ZR,ğŸ˜‘ ğŸ˜‚,4.0
478,724,For everyone who needs it httpstcomp4j944kAh,ğŸ˜‘ â˜º ï¸,0.0
481,732,ALDUBSuperMA httpstcoI7U5bLsxst,ğŸ˜‘ ğŸ˜,4.0
488,740,Someone like this please  when can I get someone like this  httpstco4ixcxKnA4l,ğŸ˜‘ ğŸ˜ª,0.0
494,746,I love Les cakes mare price ha e khuphuke now cause o tlhagella mo TV,ğŸ˜­ ğŸ˜‘,-4.0
495,747,RT Meghan_Trainor Get ready Vegas WE HERE love my girls kelseypannullo iamdanileigh ashleycinqmars httpstcoQd2Wf3xIbR,ğŸ˜‘ ï¸,0.0
498,751,I am so happy they accomplished so so much I am so so proud to be a directioner I will love you forever forever httpstcoBUrkKCXTS4,ğŸ˜‘ ï¸,0.0
508,769,RT Janelleeee__ I love being with my baby,ğŸ˜‘ ï¸ ğŸ˜,4.0
513,776,RT zorzorrr Its my boiiiiiz bday today yall aint she a sexy fuck I LOVE YOU HAPPY BDAY NOT A REAL MEXICAN  KateHagerty httpstco,ğŸ˜‘ ğŸ™€,-4.0
525,793,RT MoBootyful amp you doin it wellll  httpstcoEXKXxqgrk5,ğŸ˜‘ ğŸ˜,4.0
528,796,RT MarriageGoaIs Husband says final goodbye to his dying wife This is real love  httpstco5WBTbGoNUO,ğŸ˜‘ ï¸ ğŸ˜,4.0
537,810, THESE ARE THE BEST MAN I LOVE THEM BIEN RICOS  httpstcolt0ruVyD0N,ğŸ˜‘ ğŸ˜©,-2.0
538,811,RT olasings Yep Puppy Love is always needed  love puppy lifeisgood httpstcod5sXCM9B3Z,ğŸ˜‘ ğŸ˜,4.0
542,819,ALDUBSuperMA httpst,ğŸ˜‘  ğŸ˜,4.0
548,825,RT ShortyMacShort_ I remember the day we first met and now every day after that has been special thanks to you I love you forever  h,ğŸ˜‘ ï¸,0.0
549,826,RT Trapzilla666 Congratulations httpstco9hl0Wn9g0I,ğŸ˜‘ ğŸ˜€,3.0
555,839,Foxy ugly as hell  I love this song  httpstcooX5me8Loke,ğŸ˜‘ ğŸ˜‚,4.0
560,854,RT danniboysixpack All love httpstcoUNiWF9RerN,ğŸ˜‘ ï¸,0.0
570,865,bushcourtney1 Courtney  you have been one of my biggest supporters  I love and miss you so much Lunch soon,ğŸ˜‘ ğŸ˜© ğŸ˜»,2.0
584,886,RT heavsm Happy birthday to my big sister Such a beautiful soul Im so lucky to be close to Love you more than words  httpstc,ğŸ˜‘ ï¸,0.0
594,897,I shaved my legs and now Im complete I love feeling baby smooth skin,ğŸ˜‘  ğŸ˜Œ,3.0
595,898,CourtneySanta maybe we treat people with the same kind of love we grew up around I love that line,ğŸ˜‘ â˜º ï¸,0.0
602,907,RT GalGadot So honored to be on the cover    EW Thank you for all the love amp support  httpstco3BiohJPPMs httpstcoh1JkB,ğŸ˜‘ â˜º ï¸,0.0
614,937,RT GomezSource Sending our love to Germany,ğŸ˜‘ ï¸,0.0
626,967,RT mynameutty 160722 Artificial love  ë°±í˜„ focus Addicted w his body wave and the hip trust  httpstcotPx6wNkszm,ğŸ˜‘ ğŸ˜,4.0
639,989,360,ğŸ˜‘  ï¸,0.0
641,992,RT mfabian45 Happy 18th birthday to my lil flower  youre a great singer I love you httpstcolPwLXTlRje,ğŸ˜‘ ğŸ˜‚ ğŸ˜,8.0
642,993,RT omgeeangie_ CitlaliMancilla thanks sissy so much love 4 u beautiful,ğŸ˜­ ğŸ˜‘,-4.0
648,1001,RT rvirgo9 sofitindia TheJohnAbraham DishoomWithSOFIT I love to drink SOFIT anytime anywhere  httpstco0wNPjSd1zf,ğŸ˜‘  ğŸ˜Š,3.0
651,1008,baeeee I love your goofy ass omg  but you wont Twitter beef with me like why ForeignLucciani,ğŸ˜˜ ğŸ˜‘  ğŸ˜‚ ğŸ˜¥,7.0
660,1023,Love my team so so much httpstcoTh3qrQUOIf,ğŸ˜‘ ï¸,0.0
662,1026,RT lustrelux What kind of sorcery is this  httpstco5ePmVvQNtN,ğŸ˜­ ğŸ˜‘ ğŸ˜©,-6.0
684,1057,6YearsOfOneDirection httpstcokXa9a087Un,ğŸ˜‘ ğŸ˜Š,3.0
686,1060,random appreciation post to my best friend through it allhonestly dont know what Id do wo youlove you so much httpstcoYy0H8gLVVE,ğŸ˜‘ ï¸,0.0
695,1070,By the way your little hair flicks are killing me I LOVE your short hair LanaParrilla,ğŸ˜‘  ï¸,0.0
697,1075,ValerianMovie Caradelevingne https,ğŸ˜‘ ğŸ¤—,4.0
715,1111,RT ThirtySecComedy I love the Internet  httpstcoQdtzTXNl3w,ğŸ˜‘ ğŸ˜‚,4.0
717,1113,RT IfrahBasheer happy birthday to the sweetest girl I know Haylee_wilson_  thanks for the late night froyo runs and early morning CF,ğŸ˜‘ ï¸,0.0
721,1118,Happy birthday to this savage love you mom httpstcoHgKuG1ccXT,ğŸ˜‘ ï¸,0.0
724,1122,Love her sm and gonna miss her sm hopefully you smile when you see this in the morning when u wake up love you  httpstco7vw54kVIN5,ğŸ˜‘ ï¸,0.0
727,1126,6YearsOfOneDirection httpstco2TaYSxJRaY,ğŸ˜­ ğŸ˜‘,-4.0
739,1143,When you know that guys couldnt came backonedirection Real_Liam_Payne 6yearsof1D  httpstcoh5XtZYh3BO,ğŸ˜‘ ğŸ˜©,-2.0
741,1145,RT RedBone9922 I love babys,ğŸ˜‘ ğŸ˜,4.0
744,1148,RT MollyBracken Love how laura__lily styled her mollybracken top  fashionista summerstyle ootd summer fashion style httpst,ğŸ˜‹ ğŸ˜‘,4.0
755,1177,Goodnight mikeybarone I love you so much Pls read my DMS,ğŸ˜‘ ï¸,0.0
756,1178,Mani love green apples,ğŸ˜‹ ğŸ˜‘,4.0
762,1184,RT CassidiMalloy I just need a blunt and my love,ğŸ˜‘ ï¸,0.0
774,1201,RT SocialMediaTodd Well At least its not page 3  Im in The Sun with spaghetti_jo TwitterLove Love httpstcolxcpdplvRQ,ğŸ˜‘ ğŸ˜‚,4.0
779,1206,I love men  like everything about them is just so attractive,ğŸ˜‘ ğŸ˜© ğŸ˜,2.0
791,1230,nothingmorenothinglessja forever httpstcoRGfAXPXIIH,ğŸ˜‘ ï¸,0.0
793,1233,HAPPY BIRTHDAY  to the LOML    I love you httpstcop4NnWHUMuV,ğŸ˜‘ ï¸,0.0
803,1244,RT ukissednanaa I love getting paid,ğŸ˜‘ ğŸ˜›,1.0
809,1254,Happy birthday to my best missbryanalew Love you bihhh  httpstcodks38RELLN,ğŸ˜‘  ï¸,0.0
813,1262,RT lick_mypics Im not a hater I LOVE pretty girls like Yesss lets be pretty together,ğŸ˜‘ ğŸ˜‹ â˜º ï¸,4.0
814,1264,mfs blew dey lil chances wit me Im good now  Idaf bitch now run to somebody else dat u got love for,ğŸ˜‘ ğŸ˜,3.0
819,1271,RT marisaxxromita stephmatheu thank you  love u more,ğŸ˜‘ ï¸,0.0
831,1292,happy birthday to my bff love u lexidilla lexiparra_ httpstcogUIZf0UX4D,ğŸ˜‘ ï¸,0.0
841,1312,OMG especially when you have dangruff really bad like me  httpstcoiumQsEoBiZ,ğŸ˜‘ ğŸ˜©,-2.0
843,1314,k3nzielauren thank you Kenz See you soon lots of love xxx,ğŸ˜‘  ï¸,0.0
845,1316,RT DontDoItJay Happy Birthday to my main man since the age of 5 All love fool have a good one  Angel_99_23,ğŸ˜‘  ï¸,0.0
851,1324,6YearsOfOneDirection httpstcoNn7JoQhyvZ,ğŸ˜‘ ï¸,0.0
857,1331,RT fijilexii bae is doing a pretty good job so far  httpstcotIvRQ4LqVN,ğŸ˜ ğŸ˜‘ ï¸,3.0
861,1337,Shah_Anjie I know you love me too  So Love you My Sweet Heart Anjii,ğŸ˜­ ğŸ˜‘ ğŸ˜¢ ğŸ˜,-2.0
862,1343,Srsly they all so cute  https,ğŸ˜‘ ğŸ˜ ğŸ˜Š,2.0
872,1353,RT exokiss88 Sehuns rap for ê°™ì´í•´ is amazing  I love this song  Thank you  Sehuns rap His lips moving soooo fast Love it  https,ğŸ˜‘ ğŸ˜,4.0
874,1358,I love the way my dads wife hates me youhatemecauseyouaintme,ğŸ˜‘ ğŸ˜‚,4.0
877,1362,the_mqp I love u,ğŸ˜˜ ğŸ˜‘,4.0
881,1369,The BGM tho  httpstcovBfLjYtLVT,ğŸ˜‘ ğŸ˜‚,4.0
882,1371,fayak_m I love you so much thank you,ğŸ˜­ ğŸ˜‘ ï¸,-4.0
883,1372,accurate af  Im cool with it tho httpstcorfAPua4tKW,ğŸ˜‘ ğŸ˜‚,4.0
891,1381,lijeeby thanks Libby love you lots,ğŸ˜˜ ğŸ˜‘ ğŸ˜Š,7.0
899,1392,Bitches love tryingto be funny but never wanna get touched,ğŸ˜­ ğŸ˜‘ ï¸,-4.0
900,1393,RT 07anahilopez Happy birthday Abril I love you so much  now its time for you to get out the house  ayebral,ğŸ˜‘ ğŸ˜‚ ğŸ˜‰ ï¸,8.0
902,1395,ajsg Good morning Twiend I love the sound when you click my tweets A sunny cloudy picture for you  httpstcoGXtOC9YmAs,ğŸ˜‘ â˜º,0.0
903,1396,RT simplynessa15 OMG LOVE THEIR SONGS AIRPLANES AND JET BLACK HEART  httpstco54nxKam2Cf,ğŸ˜‘ ğŸ˜»,4.0
910,1404,callmejaay___  Dont I say this alllll the time we blaze a new person up bruh  httpstcoByc1q3QrSx,ğŸ˜‘ ğŸ˜‚,4.0
915,1417,I love 1D tho lol just annoyed at most of you,ğŸ˜‘ ğŸ˜‚,4.0
923,1431,ALDUBSuperMA,ğŸ˜˜ ğŸ˜‘,4.0
928,1439,Welcome 600 Followers love you all,ğŸ˜˜ ğŸ˜‘,4.0
931,1442,RT SZGN1978  happy Friday amp weekend for all friends  stay in peace and love  httpstcoH04ihrSSla,ğŸ˜‘ â˜º ğŸ˜‡,4.0
945,1458,RT mixersUnitePH A LittleMix amp ArianaGrande collab should happen  it would be epic  MTVHottest Little Mix httpstco0rKTcc56mE,ğŸ˜‘ ï¸,0.0
957,1476,typical_lizz THANK YOU LIZZ  I LOVE YOU TOO BOOBOO,ğŸ˜© ğŸ˜ ğŸ˜˜ ğŸ˜‘ ğŸ˜­ ï¸,2.0
958,1477,RT rrekha1000 Gurmeetramrahim welfareAimofMSG ji pita ji thanks for everything my lord love u sooooo much Dr Papa,ğŸ˜‘ ğŸ˜Š,3.0
960,1479,RT ChiefGorgeous Im the most craziest love able over emotional friend youll ever have,ğŸ˜‘ ğŸ˜‚,4.0
961,1480,RT LifeOfDeedy awwwww the little love birdszionnnn9 iimkayla_ httpstco4U5sy8kYvN,ğŸ˜‘ ğŸ˜,4.0
963,1482,Hahaha goshhhh he would come too in 25 seconds  httpstcosbj5h0hBz6,ğŸ˜‘ ğŸ˜‚,4.0
966,1488,RT julissar28 Happy 6YearsOfOneDirection  you boys are the love of my life Youve done nothing but put a smile on my face ily https,ğŸ˜‘ ï¸ ğŸ˜,4.0
968,1490,RT Elverojaguar  Wishing you all a Caturday full of Love amp Peace Kitten World  httpstcoOPNt7rSf7C,ğŸ˜‘ ğŸ˜º,3.0
969,1491,Happy birthday to my girl  I love you Mija Big 18 emxnie,ğŸ˜˜ ğŸ˜‘ ğŸ˜œ ï¸,3.0
970,1492,not sure what prompted this but  httpstcofNjMe2za0e,ğŸ˜‘ ğŸ˜Œ,3.0
971,1493,RT ChiIlDates I love her  httpstcoDje526UqG1,ğŸ˜‘ ğŸ˜© ğŸ˜‚,2.0
972,1494,RT DestineyL__ Cancer will not win  my mommy is a fighter a strong one at that I love you so much pooh keep fighting  httpstcoI,ğŸ˜˜ ğŸ˜‘  ï¸,4.0
977,1500,RT girlposts I LOVE THIS   httpstcoyr6DYCBVtE,ğŸ˜­ ğŸ˜‘ ğŸ˜‚,0.0
979,1503,I Love guys Follow me,ğŸ˜­ ğŸ˜‘,-4.0
980,1507,WelfareAimOfMSG httpstcoIKutM0Qa,ğŸ˜˜ ğŸ˜‘ ğŸ˜,8.0
983,1513,CALIFORNIA,ğŸ˜‘ ï¸,0.0
988,1518,RT Ruqayyatou__ Happiest birthday Yaya fadeeeeel I love you dayawa Mss_Incredible httpstco1S3h7GLK7i,ğŸ˜‘ ï¸,0.0
997,1528,Irina_Vukolova  Come on My love Come on NOW So finally we get married,ğŸ˜ƒ ğŸ˜‘  ğŸ˜˜,7.0
1000,1531,pepperjackiee its all out of love,ğŸ˜‘ ğŸ˜‚,4.0
1003,1534,RT johnny_avitia this is so dope i love my people  httpstcoqtEQOwTLqe,ğŸ˜­ ğŸ˜‘,-4.0
1011,1553,i just want to say that i fucking love one direction so much happy 6yearsof1D,ğŸ˜­ ğŸ˜‘ ï¸,-4.0
1021,1573,RT Kinderyeollie Goodnight my love Seongyeol1991,ğŸ˜‘ ğŸ˜Š,3.0
1039,1596,I love my wife,ğŸ˜™ ğŸ˜‘,3.0
1040,1597,God bless you VicMensa and thank you for supporting my community  httpstcoe0uMLsy0ko,ğŸ˜‘ ï¸,0.0
1041,1599,Plz notice this httpstcoKqmpp2CeEN,ğŸ˜‘ ğŸ˜Š,3.0
1046,1604,RT WajeehWest Make em fall in love with your personality Everything else is just secondary,ğŸ˜‹ ğŸ˜‘,4.0
1050,1608,i love being a good boy for my mistress,ğŸ˜‘ â˜º ï¸,0.0
1078,1656,TeresaTweets18 I love dogs but Im not going to go grab some random strangers,ğŸ˜‘ ğŸ˜‚,4.0
1080,1658,RT marcusharmon_ Love to read that  httpstcoS1djMj3eOK,ğŸ˜‘ ğŸ˜ ï¸,-1.0
1086,1669,HBDPrinceSuriya  httpstco3uSTjlpqmI,ğŸ˜‘ ğŸ˜ â˜º,1.0
1095,1687,6YearsOfOneDirection Im so proud of you guys  I love you so much  onedirection,ğŸ˜‘ ï¸,0.0
1113,1708,dene_17 ok dont worry i wont forget  love you too sweetdreams,ğŸ˜‘ ğŸ˜‚,4.0
1114,1709,I love zahkari he said Nobodys fucking with daija  Im already knowing,ğŸ˜‘ ğŸ˜Œ ğŸ˜­,-1.0
1118,1713,rebecca_lodell I took it down for now until I can get it right Lol  Love u sweetie,ğŸ˜‘ ğŸ˜€,3.0
1120,1715,RT FemalePains I love this  httpstcoC7v6IL2FSx,ğŸ˜‘ ğŸ˜‚,4.0
1123,1719,Love is giving someone a power to destroy you but you trust them not to,ğŸ˜¶ ğŸ˜‘,0.0
1124,1720,I love you baby httpstcoGwnduanNYw,ğŸ˜‘ ï¸,0.0
1136,1734,ALDUBSuperMA,ğŸ˜‘  ğŸ˜,4.0
1144,1762,Americans love wars then bitch about Islam  httpstcoFWRGWSsXwp,ğŸ˜‘ ğŸ˜›,1.0
1146,1764,renee__13 thanks baby  love you,ğŸ˜­ ğŸ˜‘ ğŸ˜˜ ï¸,0.0
1157,1784,The last video has me dead  wtf when did I do that  thank you my love  see you soon  httpstcoqw6Qaa8P0M,ğŸ˜­ ğŸ˜‘ ğŸ˜‚,0.0
1158,1785,RT BaeFeeling Michelle Obama James Corden and Missy Elliot  I love this httpstcooBbmUGCC9c,ğŸ˜‘ ğŸ˜‚,4.0
1164,1794,RT guapohoez Females love arguing bro,ğŸ˜‘ ğŸ˜’,-2.0
1167,1797,xoxomckenna_  love you too,ğŸ˜˜ ğŸ˜‘,4.0
1194,1840,I always Love hard and never regret it but next time I hope its worth the one Ima marry,ğŸ˜‘ ğŸ˜ â˜º ï¸,3.0
1208,1867,would love a mcdonalds breakfast right now,ğŸ˜‘ ï¸,0.0
1209,1868,pizzadallasz done lovesorry butplss  can you give the free follows to TaySchmidtSel1D plss baby  Thank You,ğŸ˜‘ â˜º,0.0
1216,1879,emeurgue14 30 seconds emerge I love and miss you so so much,ğŸ˜‘ ï¸,0.0
1217,1880,RT Lovelydion_ Happy birthday to the number one bitch in my life  I love you so much and have a great day my baby  _aylin23 https,ğŸ˜‘ ğŸ˜© ğŸ˜,2.0
1228,1894,RT positivenjhx Heres my note to directioners if you didnt see it I love you and I will always love you  6YearsOfOneDirection https,ğŸ˜‘  â˜º ï¸,0.0
1229,1895,meenakshi is deadass my twin lol I love her,ğŸ˜­ ğŸ˜‘,-4.0
1231,1897,RT zebralove31 happy birthday to my bff love u lexidilla lexiparra_ httpstcogUIZf0UX4D,ğŸ˜‘ ï¸,0.0
1238,1907,RT Whyquay I still love this video they sounded so good  httpstcohOmxobV5AH,ğŸ˜­ ğŸ˜‘ ğŸ˜,0.0
1244,1913,Ahh I love summer bc everyday is a good day,ğŸ˜‘ ğŸ¤—,4.0
1250,1925,I love saying fucked off  She_Rahhh,ğŸ˜‘ ğŸ˜‚,4.0
1251,1926,Tay ass love some damn soulja boy,ğŸ˜‘ ğŸ˜‚,4.0
1255,1931,RT niallkingangel Niall Horan is the biggest One Direction fan Love him NiallOfficial  6YearsOfOneDirection httpstco6HK,ğŸ˜ƒ ğŸ˜ ğŸ˜‘ ğŸ˜š ğŸ˜Š,13.0
1260,1938,Falling  in love is easy  but staying in love is very special,ğŸ˜‘  ï¸,0.0
1262,1940,THE CUTEST EVER  this is why i fell in love with his curly hair a lot httpstcoBAA5og9nZS,ğŸ˜­ ğŸ˜‘,-4.0
1263,1941,stahvvii katyperry Beyonce omfg I love her shes great,ğŸ˜‘ ğŸ˜­,-4.0
1268,1946,daniellepooleox thanks baby Mumma said thank you Love u loads  xxxxxxx,ğŸ˜‘ ï¸,0.0
1271,1951,RT sexualgifs_ I LOVE HER  httpstcoOZs4uOGWzn,ğŸ˜‘ ğŸ˜‚,4.0
1273,1957,RT Mss_Incredible You know you made me cry yeah thank you so much Habibty I love you httpstcoSAFg9ynkac,ğŸ˜‘ ğŸ˜©,-2.0
1275,1959,alxpierce kileyhembree I love yall so so much,ğŸ˜‘ ğŸ˜,4.0
1276,1960,The amount of love and care I have for one of my friends is insane shes like my younger sister and I genuinely want the best for her,ğŸ˜‘ ğŸ˜¿,-2.0
1277,1961,Davey_Wade  Saw them a month prior to that with The Promise Ring The Get Up Kidsand Wolfie This has been VH1s I Love The 90s,ğŸ˜‘  ğŸ˜€,3.0
1278,1962,RT foxtrx I shaved my legs and now Im complete I love feeling baby smooth skin,ğŸ˜‘  ğŸ˜Œ,3.0
1280,1968,DukotInternationalScreenings httpstcoOssZAiSQ3H,ğŸ˜‘ ğŸ˜,4.0
1283,1971,pixiefairygee I love you too Dream of me,ğŸ˜‘  ğŸ˜Œ,3.0
1289,1977,RT Dory I love her  httpstcouww6SsjvDV,ğŸ˜‘ ğŸ˜© ğŸ˜‚,2.0
1292,1980,Happy birthday KillaShark13  Love you bro thanks for all you do Turn up today  httpstcoNZoPAfPJyx,ğŸ˜‘ ğŸ˜‚,4.0
1298,1987,Kryshelle_W17 I love it,ğŸ˜‘ ğŸ˜,4.0
1299,1988,RT ldollazzzz how to fuck up a nigga car 101 ya know niggas love their car idk if they all work but ya could try httpstco2NQdOOlC,ğŸ˜­ ğŸ˜‘ ğŸ˜‚,0.0
1300,1989,my girl get in my dam nerves 999999 of the time  i love her lil booty thou,ğŸ˜™ ğŸ˜‘ ğŸ˜’,1.0
1302,1992,thecandymancane fat girls need love too Matthew,ğŸ˜‘ ğŸ˜‚,4.0
1304,1995,thank you  httpstcoQdGDwvCE6b,ğŸ˜‘ ï¸,0.0
1310,2001,DentistsareCool i love biswa,ğŸ˜‘ ğŸ˜‚,4.0
1315,2009,I have so much love for Cher Lloyd httpstcoLiiDOxcnBG,ğŸ˜‘ ï¸,0.0
1323,2026,Sallmmaa_ love u babyyyy,ğŸ˜˜ ğŸ˜‘,4.0
1328,2034,Janelewestcoast I LOVE YOU EVEN FROM 1000 MILES AWAY  thank you sister I love love love you,ğŸ˜˜ ğŸ˜‘  ï¸,4.0
1331,2037,esmervld_v happy birthday love,ğŸ˜˜ ğŸ˜‘ ğŸ˜› ï¸,5.0
1334,2042,halialharthi awwwww thanks love,ğŸ˜‘  ğŸ˜¢ ï¸,-2.0
1337,2045,luxurycutie ew  who amp love u,ğŸ˜‘ ğŸ˜‰ ï¸,4.0
1352,2078,MissLanaLopez  love this photo of you Lana  So beautiful you have a Stunningly Gorgeous body Lana  Goddess  httpstcohrZ4sNn0Az,ğŸ˜œ ğŸ˜ ğŸ˜˜ ğŸ˜‘ ğŸ˜š,10.0
1357,2088,Man I love this girl,ğŸ˜‘ ğŸ˜© ï¸,-2.0
1362,2101,RT ddlovato DC youre gonna love what we have planned on tuesday with bradpaisley  httpstcoUxpnNIM8wx httpstcolfdJPjF86w,ğŸ˜® ğŸ˜‘,-2.0
1371,2130,via InstaRepost httpstco9t9PUlNJfY,ğŸ˜‘ ğŸ˜,4.0
1372,2131,RT FreddyAmazin I love this  httpstcoGBxf8qF5ZB,ğŸ˜‘ ğŸ˜‚,4.0
1394,2172,KiSSeop91 My love,ğŸ˜˜ ğŸ˜‘,4.0
1404,2184,Smh lol,ğŸ˜« ğŸ˜‘,-2.0
1407,2192,RT SuhoBr FANCAM 220716  SUHO Artificial Love  EXOPLANET 3  The EXOrdium in Seoul Day 1  httpstcoNdXyA2bBvB,ğŸ˜²  ğŸ˜‘,3.0
1410,2196,I love my boys  Louis_Tomlinson Harry_Styles NiallOfficial Real_Liam_Payne 6yearsof1D,ğŸ˜‘ ï¸ ğŸ˜,4.0
1413,2199,clairegellard Hi Claire Id love to help Can you DM your order no billing amp email addy amp the last 4 digits of payment card  NLNatasha,ğŸ˜‘  ğŸ˜ƒ,3.0
1417,2210,We Love You Selena httpstco5PgoV2vN9I,ğŸ˜‘ â˜º ï¸,0.0
1420,2214,I love you too sis always  httpstcoeqdikeD9V3,ğŸ˜˜ ğŸ˜‘ ğŸ˜‚,8.0
1434,2235,RT Bryzaaaah_ Im glad your okay riah keep your head up and be strong so I can keep clapping my elbows before our games httpstc,ğŸ˜‘ ğŸ˜‚ ï¸,4.0
1436,2239,I love you Kvng_Jo,ğŸ˜‘ ğŸ˜‚,4.0
1437,2242,Sweet dreams  httpst,ğŸ˜‘  ğŸ˜½,3.0
1438,2243,Lol I love her httpstcotylW0Rnq1Z,ğŸ˜‘ ğŸ˜‚,4.0
1450,2262,RT apprilsantillan I love oldies man,ğŸ˜‘ ğŸ˜© ğŸ˜,2.0
1457,2272,RT MaddieSelman_99 kaseyOchoa74 julie_goonsquad damnjovani itsscecccyyyy Leslie584845341 I LOVE YOU TOO,ğŸ˜‘ ï¸,0.0
1460,2275,RT homegoaIs I love this house  httpstcoHtbAc2bcbo,ğŸ˜‘ ğŸ˜,4.0
1464,2282,theohurts AdamHurts THANK YOU I loved the concert yesterday you guys are amazing love you both so much httpstco5SvIjuG1mh,ğŸ˜‘ ï¸,0.0
1466,2288,Use discount code LOVE for 15 off any purchases  htt,ğŸ˜‘ ğŸ˜»,4.0
1467,2289,I love my babygirl NavarreteeRubi,ğŸ˜˜ ğŸ˜‘ ğŸ˜,8.0
1473,2301,RT WeLoveRobDyrdek Michelle Obama James Corden and Missy Elliot  I love this httpstcoEWgKSNIDU7,ğŸ˜‘ ğŸ˜‚,4.0
1474,2304,RT AngelTilaLove I love that I helped to inspire our future First Ladys stunning get up at the RNC this year MelaniaTrump  https,ğŸ˜‘ ğŸ¤—,4.0
1492,2336,RT ltsKardashians Im in love with Kendall Jenner  httpstcotri2hUQdPB,ğŸ˜‘ ğŸ˜»,4.0
1505,2357,RT Lundynnnnnn I love my fall and winter wardrobe  I cant wait till it gets cold enough to wear my stuff,ğŸ˜­ ğŸ˜‘,-4.0
1517,2372,RT TaylorlaCreatif I love my wife,ğŸ˜™ ğŸ˜‘,3.0
1529,2388,onedirection Harry_Styles NiallOfficial Real_Liam_Payne Louis_Tomlinson thank you for the best years of my life i love yall so much,ğŸ˜‘ ï¸,0.0
1540,2400,RT _itsTianaaa You bettah tell new Roger too come get yo babysitting havin ass  Love you too boo   httpstcogswZRRtbEx,ğŸ˜‘ ğŸ˜‚,4.0
1547,2415,RT SaraRamirez I wish all of my GreysAnatomy Shondaland Family a fantastic Season13 Sending you LOVE,ğŸ˜‘ ï¸,0.0
1557,2432,Momsthank you for supporting the fandomWe love you JohannahDarling RealKarenPayne Horan_mauraa _annetwist 6YearsOfOneDirection,ğŸ˜˜ ğŸ˜‘,4.0
1563,2448,RT khloekardashian I love them  httpstcojdjI9PD2GG,ğŸ˜‘ ğŸ˜,4.0
1576,2472,I love the variety of MsIndiaSummer Twitter She can pass from porn to Nordic mythology then hockey Really multitasking,ğŸ˜‘  ğŸ˜‰,4.0
1583,2482,Thank you for the amazing memories Im so proud to he part of this big family Love you 6YearsOfOneDirection httpstcoxwEilsyezu,ğŸ˜­ ğŸ˜‘,-4.0
1585,2484,RT ShaandaarVicky Good morning Shaandaar_Kapoor Good morning all sweet Shanatics  Have a happy wala day  and much  love   ht,ğŸ˜Š ğŸ˜‘ â˜º ğŸ˜,7.0
1599,2503,RT Earthlmages Love nature  httpstcoHI2iuBdyEB,ğŸ˜‘ ğŸ˜Œ,3.0
1612,2530,daisyywaisy like her Tia  yes let me know when youre free I love you,ğŸ˜­ ğŸ˜‘  ï¸,-4.0
1616,2536,And vise versa  httpstcom45XghzXJK,ğŸ˜‘ ğŸ˜Œ,3.0
1638,2573,madisonpettis Happy Birthday you gorgeous girl  I love you very much Madi,ğŸ¤— ğŸ˜‘,4.0
1643,2578,Happy Birthday keithh629   I hope you have an amazing day  much love,ğŸ˜‘ ï¸,0.0
1645,2585,httpstcoKnXTBteCoV httpstcofTUQSUdRRC,ğŸ˜‘ ğŸ˜œ,-1.0
1655,2597,RT niallkingangel I will always be here for our beautiful boys till the end Love them so much  6YearsOfOneDirection httpst,ğŸ˜­ ğŸ˜‘ ğŸ˜ƒ ğŸ˜,3.0
1671,2634,love you babe httpstcoi1q8SbAygP,ğŸ˜‘ ï¸,0.0
1678,2643,I Love Your Smile Shanice,ğŸ˜‘ ğŸ˜ ğŸ¤—,3.0
1680,2645,She fuck with me  cause my love is addicted,ğŸ˜˜ ğŸ˜‘,4.0
1685,2653,RT Jaydaddy811 Id love some of this rn httpstcoehEpgAGRFe,ğŸ˜ ğŸ˜‘,3.0
1696,2669,RT arzlgarcia Love you Sweetheart  ALDUBSuperMA  Stylizedstudio httpstcokEVWRzrfN1,ğŸ˜‘  ğŸ˜,4.0
1697,2670,I love you more babe httpstcoEo4CSf768U,ğŸ˜‘ ï¸,0.0
1700,2676,My TeenChoice vote for ChoiceInstagrammer is selenagomez https,ğŸ˜˜ ğŸ˜‘ ğŸ˜,8.0
1706,2682,RT evilsehun_ Be like Chanyeol and Baekhyun when the person you love is speaking learn to pay attention  httpstco8WMNVq4oci,ğŸ˜‘  ï¸ ğŸ˜,4.0
1710,2686,Say love is overrated Somebody lied Im faded,ğŸ˜‘ ğŸ˜«,-2.0
1717,2698,I love jackass,ğŸ˜‘ ğŸ˜‚,4.0
1719,2700,RT meanpIastic I love this  httpstcoFv6c3NzKSA,ğŸ˜‘ ğŸ˜‚,4.0
1722,2708, Love YOU,ğŸ˜‘ ğŸ˜,4.0
1735,2738,GD AFTERNOON DR PAPA G Plz Bless me with your  love Love you,ğŸ˜‘ ğŸ˜ ğŸ˜,5.0
1744,2747,RT EmilieRector sarahhcalderas_ stop staring at me bitch I love your ass sooo much its unreal Thanks sweetie,ğŸ˜‘ ğŸ˜‡ ğŸ˜‰,8.0
1745,2748,I love my naked face though and I can rock makeup so Im happy its all about being happy with what you got,ğŸ˜‘ ğŸ¤—,4.0
1777,2793,From a mythering bitch to a spot I love MrkieronR comparisons of me in birthday cards whatever next  httpstco3YTgUXIZR5,ğŸ˜‘ ğŸ˜‚,4.0
1781,2803,Happy birthday to my mean ass bestfriend who act like my mama kilahlesley  Best friend of 18Years I love you httpstcoVuRlrCd4mG,ğŸ˜‘ ğŸ˜» ï¸,4.0
1782,2804,RT _aylin23 The last video has me dead  wtf when did I do that  thank you my love  see you soon  httpstcoqw6Qaa8P0M,ğŸ˜­ ğŸ˜‘ ğŸ˜‚,0.0
1787,2815,RT adalee_c hope_trin221 I love you too,ğŸ˜‘ ï¸,0.0
1800,2830,RT pepicbabbyy_01 Much love for this kid   blessed httpstcobYoPPdUwVI,ğŸ˜‘ ğŸ˜©,-2.0
1805,2843,RT jacobsartorius Love you Anna Have a fantastic day httpstcoQf5mZ7g3Nf,ğŸ˜‘ ğŸ˜Š,3.0
1811,2850,nikifyinglife di r u suffrng frm hypoglycemia U do lot of work na hve lots of fruits esp dates get wel soonlove httpstcoz2jgZV5IM0,ğŸ˜˜ ğŸ˜‘ ğŸ˜¨ ğŸ˜Ÿ,-2.0
1813,2852,Even if I gotta keep you at arms length if I got love for ya ima check on ya  thats just the heart in me lol,ğŸ˜­ ğŸ˜‘,-4.0
1816,2855,I dont know how you got inside my heart but I do know that I never want you to leave Love httpstco4EypaqylaL,ğŸ˜‘ ï¸,0.0
1825,2874,Love you Ky youre wonderful httpstcoVtdGv1Oi7D,ğŸ˜‘ ï¸,0.0
1830,2882,_gibsss thank you love you so much,ğŸ˜‘ ï¸ ğŸ˜,4.0
1832,2884,I love to make fun of his accent,ğŸ˜‘ ï¸,0.0
1836,2888,Go subscribe trust me you wont regret it       Ps I love you Eva  httpstcoNBtuShnmYR,ğŸ˜‘  ï¸,0.0
1841,2903,My house is so cold I love it,ğŸ˜‘ ğŸ˜´,0.0
1855,2930,Tell her I said Happy Belated Birthday and I miss her  httpstcoBeCtFIf306,ğŸ˜­ ğŸ˜‘ ğŸ˜© ğŸ˜,-2.0
1856,2931,Love Is In The Air PrinceRoyceFDO2016 octubrefiestas JenniferJNieman,ğŸ˜‘ ğŸ˜,4.0
1857,2932,Samantha_Burtch thanks love you Sam,ğŸ˜‘  ï¸,0.0
1858,2933,RT shanedawson My security pup Eddie Thanks Minneapolis for all the love See you Sunday Chicago  httpstcoJYANPo0sTV,ğŸ˜‘ ï¸,0.0
1859,2940,RT alrightkarla simplynessa15 onedirection WAIT BUT WHAT ABOUT ENGLISH LOVE AFFAIR,ğŸ˜© ğŸ˜˜ ğŸ˜‘ ğŸ˜­ ï¸,-2.0
1861,2942,RT jadekellylynne heyyokase me too omg I love you so much,ğŸ˜‘ ï¸,0.0
1868,2951,So cool iHrithik dont miss it  httpstcoKpYyTcJsSI,ğŸ˜‘ ğŸ˜,4.0
1874,2960,RT RatkaWreckz Yall go make HEAD_HUNTA7 OvO followbuttonturnblue and show some love CatchAPositiveWave show his page some love,ğŸ˜‘ ï¸,0.0
1882,2970,soooo cute gosh i love when justin smiles its beautiful httpstcoxuPolGRpEW,ğŸ˜‘ ğŸ˜,4.0
1888,2976,RT Yella_beauty15  Im far from it  I just love my weave  httpstcoQlKvUoQlhS,ğŸ˜‘ ğŸ˜› ï¸,1.0
1889,2977,katyperry look over here plzcant love ur new song anymore  httpstco4wbAqS7EyC,ğŸ˜‘  ğŸ˜˜,4.0
1895,2983,It is almost 4 am in Argentina and Lucas follow me I do not think so Im crying I love you bae   DobreLucas httpstcohDrZKQF5VH,ğŸ˜‘  ğŸ˜­,-4.0
1903,2991,Love Zlatans cameo Even though hes sponsored by Nike  httpstco6sG6T0jjZa,ğŸ˜‘  ğŸ˜,4.0
1913,3007,Happy 6th aniversary 1d I love you all   6YearsOfOneDirection,ğŸ˜˜ ğŸ˜‘,4.0
1916,3014,Love finding out my coworkers have a crush on me,ğŸ˜‘ ğŸ˜‚,4.0
1921,3022,dene_17 ok dont worry i wont forget  love you too gnite,ğŸ˜‘ ğŸ˜‚,4.0
1923,3026,RT SteezyTim_ Im really gonna miss this guy real genuine love bro stay up out there in Colorado httpstcoG69T7NltR9,ğŸ˜‘  ï¸,0.0
1930,3039,RT Serenityyyy__ Happy birthday you little baddie  so grateful to have met you Love you JosieAnaya,ğŸ˜˜ ğŸ˜‘,4.0
1931,3040,Can someone just send sketchreppinink all the love and hugs in the world so he gets better quick  httpstcoEvJIRtN80Q,ğŸ˜« ğŸ˜‘ ğŸ˜‚,2.0
1932,3041,RT PiinkyDFox Lord please protect the ones I love amp care for,ğŸ˜‘ ğŸ˜© ï¸,-2.0
1942,3057,easybeinmeezy love yah toooooo,ğŸ˜‘ ï¸,0.0
1943,3060,love yourz will forever be one of my favorite songs from j cole,ğŸ˜‘ ğŸ˜,4.0
1946,3063,RT sydneylame happy birthday Austinjones118  make it a good one much love,ğŸ˜‘  ï¸,0.0
1957,3090,Shannon  httpstcoX75uc1lYce,ğŸ˜‘ ğŸ˜©,-2.0
1958,3092,I seriously love Megan so much its unreal,ğŸ˜‘ ï¸,0.0
1966,3100,6YearsOfOneDirection I LOVE YOU ALL AND THANK YOU FOR EVERYTHING,ğŸ˜­ ğŸ˜‘ ï¸,-4.0
1977,3113,schneiderolivia KimKardashian  I love taylorswift13,ğŸ˜‘ ğŸ˜,-1.0
1986,3127,Love my fresita httpstcoQq0B5rvoqg,ğŸ˜‹ ğŸ˜‘ ï¸,4.0
1987,3128,The fact that he looked into the camera Love You Zach  httpstcoLz6ouGrVKZ,ğŸ˜‘ ğŸ˜,4.0
1993,3141,Happy Birthday BIHHH  I love you girly  TU baby happy 16 Im so glad I met your crazy ass  JohnstonBaylee httpstco4fH2UOUMei,ğŸ˜‘ ğŸ˜˜  ğŸ˜›,5.0
1995,3143,RT brrreannnaa xoxomckenna_  love you too,ğŸ˜˜ ğŸ˜‘,4.0
2000,3148,RT Haleylynnlittle survivethevibe I love u Omg,ğŸ˜­ ğŸ˜‘,-4.0
2004,3154,RT Melanie_padron_ It was great day night with my love  httpstcoKWPRhr1AZH,ğŸ˜‘ ï¸,0.0
2020,3188,Love my girlfriends smile too damn much  httpstcoyxaaE1sGyU,ğŸ˜‘ ğŸ˜,4.0
2024,3192,RT bismaahmed_ Karachi is love  httpstcosoLgkJVMUT,ğŸ˜‘ ï¸,0.0
2033,3208,RT JMitchellNet Relaxing   love inlove puppy puppylove chihuahua furbaby baby newbaby jmitchellnet httpstcoAZRtKC5F4F,ğŸ˜‘ ï¸,0.0
2036,3214,He said you broke my heart bitch  httpstcod6yCzWJJTU,ğŸ˜‘ ğŸ˜‚,4.0
2037,3215,RT steed_dancer25 happy birthday babe love you hippplover,ğŸ˜˜ ğŸ˜‘ ï¸,4.0
2062,3275,RT MEnorlan I love rainy days specially when Im with you cuddling as we fall sleep,ğŸ˜‘ ğŸ˜´,0.0
2063,3276,mldlc3 love ya sugar,ğŸ˜‘ ğŸ˜‚,4.0
2064,3277,I hate runny shits but i love it,ğŸ˜‘  ğŸ˜,4.0
2069,3282,RT seafoamkiwi laaurenparker HAPPY BIRTHDAY to my beautiful best friend Have a GREAT day  I love you so much Loz  httpstco4hpC,ğŸ˜‘  ï¸,0.0
2071,3284,RT JDBHoldMeTight  COLD WATER IS AMAZING  is trending and I love it httpstco8Vzmx1ZWU0,ğŸ˜‘ ï¸,0.0
2077,3302,RT SoDorielle You can love somebody so much and give them your all but you cant make them not cheat not lie and not be loyal,ğŸ˜‘ ï¸,0.0
2084,3313,RT gawbreel i LOVE you too B httpstco50CHThcDy6,ğŸ˜‘ ğŸ˜š,3.0
2086,3315,One day Id love to have every weekend off Unfortunately thats not now,ğŸ˜‘  ğŸ˜•,-2.0
2091,3324,RT FreddyAmazin I love her  httpstcoD2YxHbBcdE,ğŸ˜‘ ğŸ˜© ğŸ˜‚,2.0
2099,3340,RT ThatsSarcasm girls love laying down like this httpstcogWMTxgQ7dZ,ğŸ˜ ğŸ˜‘,3.0
2106,3354,RT daysiahills1 So how deep is your love  Come show me whats up,ğŸ˜‘ ï¸,0.0
2111,3368,RT childishdante I LOVE YALL OMG SO CUTE  httpstcoY90ULd72D6,ğŸ˜­ ğŸ˜‘,-4.0
2115,3381, talk too much,ğŸ˜‘ ï¸,0.0
2119,3385,kbangalore_ OH NO  GORL I LOVE YOU,ğŸ˜³ ğŸ˜‘,-2.0
2121,3387,RT MissJSquared Please look after and love each other,ğŸ˜‘ ï¸,0.0
2128,3394,RT sarabear1458 Bae feeding me the other day love him oink oink httpstcomDzc0NL0X3,ğŸ˜˜ ğŸ˜‘ ğŸ˜‚ ï¸,8.0
2129,3395,benjxmvn OKAY IN A GOOD WAY I LOVE MY FAM I just wanna do good,ğŸ˜‘ ğŸ˜€,3.0
2136,3402,RT julienco_ i love your smile,ğŸ˜‘ ğŸ˜Œ,3.0
2138,3404,RT GirlsNoteBook Michelle Obama James Corden and Missy Elliot  I love this httpstcoiFTuo3vWnO,ğŸ˜‘ ğŸ˜‚,4.0
2141,3407,RT hannahwills15 Never knew I could be so sad or so in love,ğŸ˜­ ğŸ˜‘  ï¸,-4.0
2143,3410,aliciaparmer THANK YOU SO MUCH BABE  I LOVE YOU SO MUCH,ğŸ˜­ ğŸ˜‘ ï¸ ğŸ˜,0.0
2162,3439,RT Swagdaddyniall 6YearsOfOneDirection  Louis_Tomlinson Real_Liam_Payne NiallOfficial Harry_Styles love you,ğŸ˜‘ ï¸,0.0
2164,3442,RT its_kaaatt Desera is coming down just to go to Island Dreams with me  I fucking love her,ğŸ˜‘ ğŸ˜©,-2.0
2171,3450,RT stephenbrown69 I do love a nice hairy pussy   httpstcoRYuMhXC2zT,ğŸ˜‘ ğŸ˜,4.0
2176,3462,RT MR_XIUMIN 160722 EXOrDIUMinSeoul ì‹œìš°ë¯¼ XIUMIN  Artificial love httpstcofiJ9tjDNoq,ğŸ˜‘ ğŸ˜‡,4.0
2181,3469,I love the way katyperry interacts with KatyCats on Twitter Shes just too cute,ğŸ˜‘ ğŸ˜ ğŸ˜­,0.0
2184,3474,RT daysiahills1 You know I got that love me long time,ğŸ˜˜ ğŸ˜‘,4.0
2192,3484,RT Rar75_ This is true love  httpstcoJGs4jHjLY3,ğŸ˜­ ğŸ˜‘ ï¸,-4.0
2197,3490,RT hwanvocal no other flower can be compared to the beauty of yours my love httpstcoZAERperpLi,ğŸ˜‘  ï¸,0.0
2212,3511,HBD to the best neighbor I could be blessed with I love you amp I miss living literally a wall away  _millyyy  httpstcoTjYshDImO9,ğŸ˜­ ğŸ˜‘,-4.0
2219,3523,verma_abhishek5 Good afternoon httpstco6Y1ZlqWHcr U,ğŸ˜˜ ğŸ˜‘,4.0
2231,3545,6YearsOfOneDirection thank you for making me happy all these years I love you with all my heart Til the end boys  httpstco9RW5GetOET,ğŸ˜‘ ï¸,0.0
2232,3547,RT FemaleTexts I love her  httpstcoM5cwVagC1G,ğŸ˜‘ ğŸ˜© ğŸ˜‚,2.0
2245,3570,I love where Im going with my life,ğŸ˜‘ ï¸,0.0
2261,3596,RT vlejvndrvbvbe  I love you sm dude youre the cutest  I cant wait for your party its gonna be LIT  miss you baddie keep slayi,ğŸ˜‘  ğŸ˜,4.0
2272,3628,Trying to but you aint link up  httpstcostgJqzXMqw,ğŸ˜‘ ğŸ˜ª,0.0
2275,3631,RT Cocolisabeta I love having back photos of this friendship  httpstcoyGTA0vpJKK,ğŸ˜‘ ğŸ˜,4.0
2277,3633,I LOVE YOU SO MUCH DONT GO  httpstcoUoGAmU1zdh,ğŸ˜­ ğŸ˜‘,-4.0
2281,3637,Already 6 years i will never be able to thank the boys for what they do i love them so much 6YearsOfOneDirection httpstcoIKbXghDKST,ğŸ˜‘ ğŸ˜–,-2.0
2282,3638,IfrahBasheer thanks if love you and miss you so much,ğŸ˜‘ ï¸,0.0
2287,3646,Happy birthday lovely Simplyy_Mariaa  love you,ğŸ˜‘ â˜º ï¸,0.0
2289,3648,RT SamanthaRone Heres alittle bit of tushy_com love  httpstco6bHg2PQy18,ğŸ˜‘ ğŸ˜˜ ï¸,4.0
2292,3653,THANK YOU LOVE Wish you was here too Def about to turn up  thanks MoBitches Love you bro httpstcoBuyJFPWsLT,ğŸ˜‘ ğŸ˜œ,-1.0
2293,3654,Most of edm girls are boring n ugly lol I love the babes here theyre all so crazy,ğŸ˜‘ ğŸ˜,4.0
2305,3671,RT She_So_Lavish She got on my LAST nerves httpstcoVE4bINquGf,ğŸ˜‘ ğŸ˜‚ ï¸,4.0
2312,3678,Lol I love the building itself httpstcoSyoVv0bVYo,ğŸ˜‘ ğŸ˜,4.0
2317,3683,RT p_catie esmervld_v happy birthday love,ğŸ˜˜ ğŸ˜‘ ğŸ˜› ï¸,5.0
2322,3693,My 3 year old cousin saying Love you shade hurry up and come get me melts my heart,ğŸ˜‘ ğŸ˜©,-2.0
2324,3700,6YearsOfOneDirection httpstco9nwhyptHBm,ğŸ˜‘  ï¸,0.0
2325,3701,Still love you and always will,ğŸ˜‘ ğŸ˜,4.0
2340,3728,RT insan_nivia Gurmeetramrahim gud ninni papa g dhan dhan satguru tera hi aasra Plz come in my dreams n bless me with ur love Hea,ğŸ˜˜ ğŸ˜‘ ğŸ˜‡,8.0
2343,3732,preciouusss_ Happy birthday beautiful Hope you have an amazing day Love you,ğŸ˜‘ ğŸ˜Š,3.0
2346,3735,RT 1omoney love all my brothas,ğŸ˜‘ ï¸,0.0
2348,3737,RT shelovesaysiah 8 months with Andre Dre  I love you girlll  LIKE_MySwagg httpstcocZByjUXjQG,ğŸ˜‹ ğŸ˜‘ ğŸ˜,8.0
2356,3752,Happy 22nd Birthday to this beautiful balla  jecenia_33  love you girl dueceduece  httpstcorxo7TUvC07,ğŸ˜˜ ğŸ˜‘ ğŸ˜› ï¸,5.0
2364,3765,RT DressingCuter Love  httpstcoLjZ1mZWMnP,ğŸ˜‘ ğŸ˜,4.0
2368,3769,07anahilopez lmao thats all Imma hear today  but thank you Anahi love you more,ğŸ˜‘ ğŸ˜™ ğŸ˜‚ ï¸,7.0
2371,3775,They are my life Its unbelievable 6 years I love you so much  Thank you 6YearsOfOneDirection,ğŸ˜‘ ï¸,0.0
2379,3789,RT alexandriaxmc Kylas and Daryl Ongs cover of Secret Love Song,ğŸ˜‘ ğŸ˜,4.0
2384,3806,Happy birthday to my girlfriend xxjacindaaa Love you bitch Tu live it up,ğŸ˜˜ ğŸ˜‘,4.0
2395,3822,_kaileyc5 love you,ğŸ˜‘ ï¸,0.0
2396,3829,brenda_pateyro7 thank you cutie love you too,ğŸ˜˜ ğŸ˜‘,4.0
2400,3836,RT savthornell Alejandro4859 ALEJANDRO I LOVE YOU SMMyou dont understand,ğŸ˜­ ğŸ˜‘,-4.0
2404,3840,My baby girl sooo the pretty  Sooo beautiful Its make me fall in love with her more and more deeper,ğŸ˜‘ ğŸ˜,4.0
2405,3841,RT HeelyQueen Sara continuously sending her love to the cast shes too good for the show,ğŸ˜‘ ğŸ˜­,-4.0
2410,3849,Gotta love Marshmallow and chocolate Ill be the graham cracker  aye Smores  PhaseLosFive,ğŸ˜‘ ï¸ ğŸ˜,0.0
2416,3863,Your diaries and your funny dances we will always remember and love you guys were gonna miss you 6yearsof1D httpstco3L0NhBeiub,ğŸ˜” ğŸ˜‘ ï¸,-1.0
2420,3868,RT smfh If u watched any of my periscopes earlier u know who Im talking about  httpstcoLpftAI9n88,ğŸ˜‘ ğŸ˜‚,4.0
2422,3871,Im in love with Tori Kellys songs,ğŸ˜‘ ğŸ˜,4.0
2424,3873,RT Being_Aayushi HDDCS sameer nandini Love them Salman Aishwarya httpstcoMyy87RxrlL,ğŸ˜‘ ğŸ˜»,4.0
2431,3882,Im sorry but CS fans calling Colin Josh and Jen the holy trinity is precious I love how most of us have the same top 3 favs,ğŸ˜‘  ğŸ˜Š,3.0
2441,3899,I love this video httpstcoD4qS3LEEkC,ğŸ˜‘ ğŸ˜»,4.0
2459,3929,This Was My Song Still Lowkey Get Me Hype  httpstcoe004ctKQ3y,ğŸ˜‘ ğŸ˜‚,4.0
2465,3943, I love x men,ğŸ˜‘ ğŸ˜‚,4.0
2473,3956,jordanjmacc Thank Jordan I miss you so much and our crazy memories especially the second photo love you girl,ğŸ˜‘ ğŸ˜‚ ğŸ˜‰ ï¸ ğŸ˜Š,11.0
2474,3957,RT manizhesk I love shahidkapoor  more than pooh bear loves his honeyIm sure ur junior loves my this editFor ur sweet smile https,ğŸ˜‘ ğŸ˜˜ ğŸ˜,8.0
2486,3976,steed_dancer25 hippplover thanks babes I love you too,ğŸ˜‘ ğŸ˜š,3.0
2487,3977,antwuan_jr sometimes what we love hurts us,ğŸ˜‘ ğŸ˜ª ğŸ˜‚,4.0
2495,3996,I fall in love with him more each day  thats my baby,ğŸ˜‘ ğŸ˜,4.0
2500,4002,RT ThatBucketList I really love this house  httpstco2NTOQgDfZf,ğŸ˜‘ ğŸ˜© ğŸ˜,2.0
2505,4020,6YearsOfOneDirection,ğŸ˜‘  ğŸ˜Š,3.0
2509,4024,FILWTP  fell in love with the pussy httpstcoeWlTiNsYhZ,ğŸ˜‘ ğŸ˜Œ,3.0
2510,4026,RT mendeshype tour day 1  love dis dude ShawnWorldTourBocaRaton httpstcoJLL2zcCK9L,ğŸ˜‘ ï¸,0.0
2518,4038,RT ShawnMendes Dallas thank you SO much for singing your hardest tonight I love you,ğŸ˜‘ ï¸,0.0
2522,4043,RT _Go_Eat_A_Ass  I love me some him httpstco6eh6u7aYAU,ğŸ˜… ğŸ˜‘ ğŸ˜,7.0
2527,4049,Fuck off my tml I almost started crying httpstcoFSAdfQAivw,ğŸ˜‘ ğŸ˜‚,4.0
2529,4052,Had the time of my life with the love of my life  httpstcoFylT9TtQaU,ğŸ˜‘ ï¸,0.0
2535,4060,RT TravonSchakee bushcourtney1 Courtney  you have been one of my biggest supporters  I love and miss you so much Lunch soon,ğŸ˜‘ ğŸ˜© ğŸ˜»,2.0
2537,4063,gn I love my gc buds my mutuals and sebstan  httpstco3Uz8fVWi4w,ğŸ˜‘  ï¸,0.0
2551,4083,lyndra_davis  Love you baby even when you fart 247 thank you,ğŸ˜‘ ğŸ˜š  ğŸ˜Š,6.0
2559,4094,RT _fineeeeeXB I love these aint had em in so long  httpstco0VvDUelCQI,ğŸ˜‘ ğŸ˜©,-2.0
2562,4097,poojatiwari878 Thank you love,ğŸ˜˜ ğŸ˜‘,4.0
2565,4101,RT niallkingangel Im so proud of our beautiful adorable boys They deserve all the love and happiness  6YearsOfOneDirection htt,ğŸ˜ƒ ğŸ˜  ğŸ˜‘ ğŸ˜­,3.0
2578,4123,seafoamkiwi love you endlessly,ğŸ˜‘ ï¸,0.0
2586,4131,Hi MsJ0NA I miss you po  stay pretty and humble I love you,ğŸ˜­ ğŸ˜‘,-4.0
2589,4137,ALDUBSuperMA,ğŸ˜‘ ğŸ˜‰,4.0
2603,4154,Love you,ğŸ˜‘ ï¸,0.0
2606,4158,Lately Ive been crushing a lot and getting over it quickly but its ok girls love assholes,ğŸ˜‘  ğŸ˜Š,3.0
2615,4174,sumieeeek your so bombI love your style Those boots are just everything Work it You slay period,ğŸ˜‘ ğŸ˜,4.0
2621,4185,This My Shit Omm  httpstcoWAgIhlx2Rk,ğŸ˜‘ ğŸ˜,4.0
2642,4229,RT KpopDoo30 chanbaek invented love and these  httpstcovnX4u6sY28,ğŸ˜‘ ğŸ˜Œ,3.0
2644,4235,RT Vee_Jayyy Just love me pls  httpstcoQdf3SwwAkc,ğŸ˜‘ ğŸ˜•,-2.0
2650,4243,these moments were hilarious  I love Lilo bromance 6yearsof1D onedirection httpstcoEpoycKrQSa,ğŸ˜¹ ğŸ˜‘,4.0
2655,4248,RT sugarscape Liam Payne announces hes going solo gives One Direction ALL the love   httpstcoRiQ1zg5b9p httpstcofb91meLASt,ğŸ˜‘  ğŸ˜­,-4.0
2657,4252,RT QueenxOce I will Always blessed about your scÃ¨ne your chemistry The best relationship The Klamille fandom love you both httpst,ğŸ˜‘ ğŸ˜,4.0
2662,4267,RT midgetjayy that gucci amp keyshia love,ğŸ˜‘ ï¸,0.0
2664,4270,RT titas_sg VSood12 I love the trio too But I love Hermione more  potterheads httpstcooNR0KFI2nu,ğŸ˜„ ğŸ˜‘,3.0
2670,4283,I love this video httpstcoHxsCRMLe67,ğŸ˜‘ ğŸ˜Œ ğŸ˜,7.0
2677,4293,See you later I love you,ğŸ˜˜ ğŸ˜‘ ğŸ˜,3.0
2679,4296,thanks nici i love amp miss you too i wont tu too hard without you httpstcoTdhvYecena,ğŸ˜˜ ğŸ˜‘  ğŸ˜‰ ï¸,8.0
2683,4310,CallMeYEEZUS_ much love,ğŸ˜‘ ï¸,0.0
2686,4314,I love surahasmith so much,ğŸ˜˜ ğŸ˜‘,4.0
2694,4322,LEONVARTANIAN thank you i love stupid,ğŸ˜‘ ğŸ˜‚,4.0
2698,4329,RT Oktxvix Thank you for the amazing memories Im so proud to he part of this big family Love you 6YearsOfOneDirection httpst,ğŸ˜­ ğŸ˜‘,-4.0
2699,4330,RT jasmin_murawski ajsg Good morning Twiend I love the sound when you click my tweets A sunny cloudy picture for you  httpstcoG,ğŸ˜‘ â˜º,0.0
2701,4332,I love how whenever we have left overs we give it away to customers for such good prices,ğŸ˜‘ ğŸ˜‚,4.0
2704,4338,RT GAbssponce Happy birthday to this savage love you mom httpstcoHgKuG1ccXT,ğŸ˜‘ ï¸,0.0
2705,4342,missiondirectionlove httpstcokaVbBJDE5h,ğŸ˜‘ ï¸,0.0
2710,4357,GO,ğŸ˜„ ğŸ˜‘ ï¸,3.0
2718,4380,RT ___DestinyJadai I love the part on the purge election year when that girl came back to purge amp was like I want my candy bar,ğŸ˜‘ ğŸ˜‚,4.0
2727,4390,RT arzlgarcia I love youuuuuu  ALDUBSuperMA httpstcogzKdQHgvO6,ğŸ˜‘ ï¸,0.0
2731,4396,Just witnessed a real life sex aint better than love moment where men chose sex over love Smh  when will they learn  TreySongz,ğŸ˜‘ ğŸ˜’,-2.0
2735,4402,RT eternallyixing look at how yixing gazes at the fans with that glint in his eyes  hes so beautiful I love him so much  httpstc,ğŸ˜‘ ï¸,0.0
2746,4428,Atmosphere1374 and I love Doordie Shes so damn cute,ğŸ˜‘ ğŸ˜Š,3.0
2749,4431,So in love with my toes amp nails,ğŸ˜‘ ğŸ˜,4.0
2760,4450,Good Morning I love Blake and Gwen so much  httpstcoUcBNFddAS8,ğŸ˜‘ ğŸ˜,4.0
2761,4451,alannajoiii thanks sister  I love you too,ğŸ˜‘ ï¸,0.0
2763,4453,MlLLlONWORDS done lovesorry butplss  can you give the free follows to TaySchmidtSel1D plss baby  Thank You,ğŸ˜‘ â˜º,0.0
2765,4455,xo_revajusteen you thought I was running to go hug you but told you to move out the way  much love,ğŸ˜‘ ğŸ˜‚ ï¸,4.0
2772,4473,RT MohamedAbbas LeaMakhoul Mina_Atta_ ShereenYehia miss u too lea i love it,ğŸ˜‘ ï¸,0.0
2775,4478, I love these sweet video Children and animals are so cute   https,ğŸ˜˜ ğŸ˜‘  ğŸ˜,8.0
2777,4480,RT Katelynskupnyy random appreciation post to my best friend through it allhonestly dont know what Id do wo youlove you so much ht,ğŸ˜‘ ï¸,0.0
2779,4482,Harry_Styles Louis_Tomlinson NiallOfficial Real_Liam_Payne CongratulationsYou are the best boyband in all the worldLove You,ğŸ˜‘ ğŸ˜Œ,3.0
2780,4483,RT JAYnthebuilding I love sianni yo she funny as shiiiiit,ğŸ˜­ ğŸ˜‘ ğŸ˜‚,0.0
2783,4486,uniquehendee I love you,ğŸ˜­ ğŸ˜‘,-4.0
2786,4489,Crying tears of joy  httpstcol6z5IX0vLF,ğŸ˜­ ğŸ˜‘ ï¸,-4.0
2787,4490,6YearsOfOneDirection 6 Years of 1D Im so proud of them Theyre my inspirationI love you This is not the end httpstcoU4730T05Kk,ğŸ˜‘ ğŸ˜˜,4.0
2793,4499,Seriously love waking up feeling sick,ğŸ˜­ ğŸ˜‘ ğŸ˜,-6.0
2797,4503,NetBrittney love you too,ğŸ˜˜ ğŸ˜‘,4.0
2806,4517,webcambabexxx FAKEbOObjunkie lovedagirls911 xdespiadado alex_caliente30 I love your side boobs,ğŸ˜‘ ğŸ˜ˆ ğŸ˜,0.0
2812,4525,RT harryislouvly I love them so much and i cant even imagine my life without them  6YearsOfOneDirection httpstcokQfxWfjeSX,ğŸ˜‘ ğŸ˜­,-4.0
2818,4534,__heyfaith thank ya amp love ya too,ğŸ˜˜ ğŸ˜‘,4.0
2822,4541,TBahamian this why he daddy ask  httpstcouYG861iRo0,ğŸ˜‘ ğŸ˜‚ ğŸ˜,8.0
2829,4549,Love you  httpstcoBAJkfm1obs,ğŸ˜˜ ğŸ˜‘ ğŸ˜,8.0
2834,4556,Love my new piercing but shit hurt,ğŸ˜‘ ğŸ˜‚,4.0
2838,4563,RT _ggaby_ I totally LOVE HER  kaasandrrra httpstcoziU5F5IZMh,ğŸ˜‘ ğŸ˜‚,4.0
2842,4568,I love you too gf  httpstcoEoeY5k2WGC,ğŸ˜‘ ï¸ ğŸ˜,4.0
2847,4579,6YearsOfOneDirection ok i feel old now  6 wonderful years saw them 4times live and im so proud of them that they got so far Love You,ğŸ˜± ğŸ˜‘  ï¸,-4.0
2848,4580,rylee_branham  you love me and thats all that matters,ğŸ˜‘ ğŸ˜‚,4.0
2849,4581,Couples in love make me sick but at the same time warms my heart,ğŸ˜­ ğŸ˜‘,-4.0
2855,4592,She talking bout some why you styling on yo first love like that  that was fake love,ğŸ˜‘ ğŸ˜‚,4.0
2864,4602,I love getting fresh bundles,ğŸ˜‘ â˜º ï¸,0.0
2875,4626,httpstcocSZSewyr76 ht,ğŸ˜‘ â˜º ï¸,0.0
2896,4677,I love them   North Dakota State Fair httpstcosHIKeHYSBx,ğŸ˜‘ ï¸ ğŸ˜,4.0
2897,4678,Really love your new song katyperry RISE  httpstcorEde7Qvtof,ğŸ˜‘ ğŸ˜,4.0
2910,4706,HBD MAM BTCH  sorry i cant come today  see you nalang sa mental soon Check your phone later  LOVE YOU httpstcoOHrNLeGAoc,ğŸ˜‘ ğŸ˜‰ ï¸,4.0
2917,4724,Love you too  httpstcoxtActtRsdC,ğŸ˜˜ ğŸ˜‘,4.0
2924,4736,I love you so much ms2ll  httpstcoV666l6brdY,ğŸ˜‘ ï¸,0.0
2937,4760,BTS_twt oppa Jungkook  i love you so much,ğŸ˜‘ ï¸,0.0
2966,4842,RT hilucyhere finally got to meet my fave beth_f1 today hope you have a lovely weekend in london amp ill see you soon love you https,ğŸ˜‘ ğŸ˜Œ,3.0
2971,4851,hotpantsssss the fuck Gurl you love me  gtfo lmao,ğŸ˜‘ ğŸ˜‚,4.0
2972,4852,RT MoonEqualist Im loving this song DTST79 I made a sleepy vine for ya Love this Ill make more kind of artsy httpstco,ğŸ˜‘ ğŸ˜œ,-1.0
2981,4864,happy birthday to the pain in my ass  i love you little bro you more than a nephew  you my dawg  httpstcofgpqzKje9P,ğŸ˜‘  ğŸ˜ˆ,-4.0
2985,4871,Would love to have a Harry Potter movie marathon night with my favorite snacks,ğŸ˜‘ ï¸,0.0
2988,4874,I LOVE MY BEST FRIENDS LAUGH,ğŸ˜‘ ğŸ˜© ğŸ˜‚ ğŸ˜,6.0
2992,4879,NiallOfficial I will always be here for you my sweet angel Im so proud of you Love ya my sweet angel  6YearsOfOneDirection,ğŸ˜ƒ ğŸ˜  ğŸ˜‘ ğŸ˜ ğŸ˜­ ğŸ˜š ğŸ˜Š,10.0
2996,4886,I love traveling,ğŸ˜‘ ğŸ˜,-1.0
3000,4892,Happy birthday Des I love amp miss you  destini_mathis,ğŸ˜˜ ğŸ˜‘ ï¸,4.0
3004,4896,I love dog memes omg,ğŸ˜‘ ğŸ˜‚,4.0
3014,4921,RT SelenaFanClub We love you so much  Heres to another amazing year HappyBirthdaySelena httpstcotc5CdF8KmE,ğŸ˜‘ ï¸,0.0
3016,4924,RT katelynnw000 FREE ANIMALS TOMORROW  ANIMAL FOUNDATION ON MOJAVE GO ADOPT AND GIVE A DOGGY OR KITTY A GOOD HOME amp LOTS OF LOVE,ğŸ˜‘ ğŸ˜¸,3.0
3033,4969,JAGGERRlCHARDS rivjudes Im a spy in the house of love,ğŸ˜œ  ğŸ˜‘ ğŸ˜³ ğŸ˜,-2.0
3037,4996,ALDUBSuperMA httpstcoAGMuTPhx9T,ğŸ˜‘ ğŸ˜,-1.0
3040,5001,I WAIT YOUR ANSWER,ğŸ˜‘ ğŸ˜œ,-1.0
3049,5021,hbcailey freaking love u,ğŸ˜‘ ï¸,0.0
3058,5037,atoosaucy love you too my short friend,ğŸ˜‘ ğŸ˜Š,3.0
3072,5066,SwaSanRules httpstco2Ia1XP,ğŸ˜‘ ğŸ˜˜ ğŸ˜,8.0
3079,5077,This me httpstco0g7IJqEkU4,ğŸ˜‘ ğŸ¤—,4.0
3092,5095,I couldnt meet carsonlueders amp johnnyosings on tourChicagobut I love you boys so freaking muchGOODNIGHT LOVES,ğŸ˜ ğŸ˜  ğŸ˜‘ ğŸ˜˜ ğŸ˜­ ï¸,2.0
3101,5111,RT babystunnaa Lol I love her httpstcotylW0Rnq1Z,ğŸ˜‘ ğŸ˜‚,4.0
3102,5112,Love when people bail on shit last minute,ğŸ˜‘ ğŸ˜,1.0
3107,5131, love  u sir httpstcowQetFHd6ZT,ğŸ˜‘ ğŸ˜,4.0
3108,5132,Oh how I am so proud  httpstcokQ7i9JXUab,ğŸ˜­ ğŸ˜‘ ğŸ˜,0.0
3119,5154,_lettygarcia I love you too letty  Thank you haha,ğŸ˜˜ ğŸ˜‘,4.0
3127,5168,RT gauravkapur Haha if you love something set it free If its meant to be yours  Itll cost you a hundred million httpstco6sf,ğŸ˜‘ ğŸ˜„,3.0
3128,5169,Bruh cuddling would be love,ğŸ˜‹ ğŸ˜‘,4.0
3131,5172,i LOVE being left on open,ğŸ˜‘ ğŸ˜Š,3.0
3140,5183,RT wabdlew5 Man I love this girl,ğŸ˜‘ ğŸ˜© ï¸,-2.0
3142,5186,Katelynskupnyy i love you so much,ğŸ˜­ ğŸ˜‘,-4.0
3148,5198,RT girlposts IM ALREADY IN LOVE WITH MOANA  httpstco9MaqgWeeuS,ğŸ˜‘ ğŸ˜­ ğŸ˜,0.0
3152,5204,RT rebelliousrocky Love love love yall  httpstcoN11X6Uhg5e,ğŸ˜‘ ğŸ˜,4.0
3154,5208,Whos beautiful  Thank you baby  Love you too  httpstcoyU2TjYFiDK,ğŸ˜‘ ğŸ˜‚ ğŸ˜˜,8.0
3155,5212,NewMusicFriday  httpstcoq2SXWsaKwJ,ğŸ˜‘  ï¸,0.0
3165,5249,RT brittfrank80 I am in love with Sam Hunt,ğŸ˜‘ ï¸,0.0
3167,5253,Happy birthday my love madisonpettis,ğŸ˜‘ ï¸,0.0
3189,5293,I just love waking up in the middle of the night in the worse pain yet,ğŸ˜­ ğŸ˜‘,-4.0
3190,5294,6YearsOfOneDirection im so thankful for the boys for existing for my friends whom i met because of them for all the memories and love,ğŸ˜‘  ï¸,0.0
3192,5297,RT Lynn_Todd27 I feel so proudyou deserve all the bestLove you guys 6YearsOfOneDirection httpstcocBVybf5q9p,ğŸ˜‘ ï¸,0.0
3207,5324,361,ğŸ˜‘  ï¸,0.0
3210,5329, httpstcoVlgTzzPVol  httpstcoTaeg9Ui5oH,ğŸ˜‘ ï¸,0.0
3214,5336,Eunhae httpstco15oONiH,ğŸ˜‘ ğŸ˜,4.0
3220,5348,impolenngg stay strong baby love you,ğŸ˜˜ ğŸ˜‘,4.0
3221,5349,RT gouravgarg77 300DaysOfMSG2  and its beautiful messages in Cinema halls Your love for MSG2 is totally unbeatable httpstcoCnsSo,ğŸ˜‘ ğŸ˜,4.0
3225,5354,RT MarkFerris2O16 I love amp miss this day so much already httpstcoJUVm4PjFVY,ğŸ˜‘ ğŸ˜‚,4.0
3227,5357,RT goldennn_xo  thank you  httpstcoQdGDwvCE6b,ğŸ˜‘ ï¸,0.0
3231,5367,LC_is_a_lover I know When I went on Thursday I didnt wanna come home  amp I know I just love the feeling and the vibe I get there,ğŸ˜‘ ğŸ˜‚,4.0
3237,5376,love seeing my big cousin happy,ğŸ˜‘ â˜º ï¸,0.0
3239,5379,RT alllilovee myriahmartinez1 I love you so much thanks for coming,ğŸ˜‘  ğŸ˜»,4.0
3240,5385,6YearsOfOneDirection httpstco1ENz3qUf,ğŸ˜± ğŸ˜‘ ï¸,-4.0
3243,5388,Your hot i love you,ğŸ˜‘ ï¸,0.0
3244,5389,Cheyenne_Autum i love you so much  and maybe,ğŸ˜‘ ï¸,0.0
3246,5391,eb0nyy in love w u,ğŸ˜‘ ï¸,0.0
3247,5392,Its impossible to look this much like my httpstconJ8ixottq8 you mom httpstcoruX5asepm4,ğŸ˜‘ ğŸ˜ ğŸ˜,4.0
3251,5399,RT GWagonPorn Im in love httpstcotpio8klFNQ,ğŸ˜‘ ğŸ˜,4.0
3252,5400,katyperry online I wasnt noticed keep normal  still love you bird,ğŸ˜‘ ğŸ˜‚  ï¸,4.0
3253,5401,When youre engagement gets so much love   I love you kmichelle so much and youre team for making it happen  httpstcoMurS0LeoGR,ğŸ˜‘ ğŸ˜,4.0
3256,5408,Home sweet home I love my bed Especially wine Im drunk,ğŸ˜‘ ğŸ˜˜,4.0
3265,5420,alrighty well Ik a lot about her and I still love her  httpstcotoGzjb07hx,ğŸ˜‘ ğŸ˜‚,4.0
3267,5423,garciagbianca I love Liam,ğŸ˜­ ğŸ˜‘,-4.0
3274,5434,RT FhaPUNARAI I love it thank you JUST_HANBIN 19951221_com httpstcoC4beiWPS0y,ğŸ˜‘ ğŸ˜†,1.0
3275,5435,nhashx6 I love you so much I cant breathe,ğŸ˜‘ ï¸ ğŸ˜­,-4.0
3282,5461,RT Geministar06 Aigooooo Perfect 6002 sooooo LOVE ë°•ìœ ì²œ StandbyParkYuchun httpstcoChYPlMp7pw,ğŸ˜˜ ğŸ˜‘,4.0
3289,5517,Jessy7Ochoa _yulissamendez  love you too papas,ğŸ˜­ ğŸ˜‘ ğŸ˜˜,0.0
3295,5530,AriannaDantone hi u beautiful human love you thank you,ğŸ˜‘  ï¸,0.0
3301,5545,Lesdoggg I love you Your awesome,ğŸ˜‘ ğŸ˜»,4.0
3308,5558,Americans love wars then bitch about Islam all day like pussies  httpstcooGNmG2rn3r,ğŸ˜‘ ğŸ˜›,1.0
3318,5585,RT omgAdamSaleh ADOOMYGANG Ill see you all tomorrow I have so much to do and my aunt is making it crazy  I love you  see you tmrw,ğŸ˜‘ ğŸ˜‚ ğŸ˜˜,8.0
3323,5592,Eee I love my tattoo,ğŸ˜‘ ğŸ˜Š,3.0
3326,5598,RT Kvngxxx_ Talk is cheap If you like me  tell me If you miss me  show me If you love me  prove it,ğŸ˜‘  ï¸,0.0
3330,5603,RT lillyreyes99 salice_roseee momma biscuit I love you so so so much it was worth the wait to have a hug from you httpstcoxKW,ğŸ˜­ ğŸ˜‘ ğŸ˜,0.0
3344,5618,RT thyWNTneemoney I love cuddling really the best feeling,ğŸ˜‘  ğŸ˜,4.0
3357,5644,RT immharvic I love the card  KBHuaweiRoadshow  httpstcoIHjEi50Kmt,ğŸ˜‘ ğŸ˜,4.0
3361,5651,Same here boo httpstcoRItKhDc2Lu,ğŸ˜‘ ï¸,0.0
3369,5671,_monster63 I love you,ğŸ˜‘ ï¸,0.0
3372,5674,pluralistics thk love this guys amp this monent,ğŸ˜‘ ğŸ˜,4.0
3377,5685,LeafyIsHere I love yooou  httpstco6njlbXjLmV,ğŸ˜‘ ï¸,0.0
3380,5688,imaginingdolans done lovesorry butplss  can you give the free follows to TaySchmidtSel1D plss baby  Thank You,ğŸ˜‘ â˜º,0.0
3396,5731,pvnkpvssy i love you  httpstcopMR6UA856l,ğŸ˜‘ ğŸ˜,-1.0
3403,5743,I love you and I will never stop doing httpstcoPzIYMfnXQN,ğŸ˜‘ ğŸ˜,4.0
3405,5745,HBD to my BffGf for life I love you so much miss you so much and I better see you tomorrow  httpstcoDz2TPmhn5I,ğŸ˜‘ ğŸ˜š  ï¸,3.0
3407,5747,RT evelynr_99 I love how Gen doesnt give a fuck,ğŸ˜‘ ğŸ˜‚ ï¸,4.0
3412,5753,These came out beautiful Roach I love it  httpstcojCujHhxXPO,ğŸ˜‘ ğŸ˜,4.0
3417,5763,RT olivia_malek Katelynskupnyy i love you so much,ğŸ˜­ ğŸ˜‘,-4.0
3418,5764,RT frankmachinski Happy birthday buddy love ya  sarspitzer httpstcolxANeqmT7N,ğŸ˜‘ ï¸,0.0
3419,5765,RT Kvngxxx_ That  Call me in the middle of the night amp tell me you cant sleep without me  type of love,ğŸ˜‘ ğŸ˜© ï¸,-2.0
3421,5768,6YearsOfOneDirection I love my boys  httpstcoRUNB8Q3ws0,ğŸ˜˜ ğŸ˜‘,4.0
3437,5788,Dang Man Just Got Frustrated Love My Big Brother Man,ğŸ˜” ğŸ˜‘,-1.0
3439,5790,I love the random 3am calls just to know hes thinking of me,ğŸ˜‘ ğŸ˜Œ,3.0
3447,5811,I love how she gets all embarrassed  httpstcomIoWlaZ7EI,ğŸ˜‘ ï¸,0.0
3451,5815,Thanks love  You toooo httpstcomqq74rnI4u,ğŸ˜‘ ğŸ˜½,3.0
3455,5836,RT rosaaloveeee daisyywaisy like her Tia  yes let me know when youre free I love you,ğŸ˜­ ğŸ˜‘  ï¸,-4.0
3465,5866,RT Gleek_1897 I LOVE THIS FAMILY SO MUCH  mishacollins httpstcoOe0cDgnpP7,ğŸ˜‘ ğŸ˜,4.0
3468,5870,RT annakate_evans rylee_branham  you love me and thats all that matters,ğŸ˜‘ ğŸ˜‚,4.0
3476,5879,Afraid is also one of my favs from the I Love You album I miss the 2012 The Neighbourhood so much,ğŸ˜‘ ğŸ˜©,-2.0
3479,5882,Happy birthday to my home girl ktclarkkkk  miss you and love you to the moon amp back  httpstcodLC1gnuPnU,ğŸ˜‘ ï¸ ğŸ˜,4.0
3480,5883,paulwesley happy birthday to my favorite vampire and actor  I love you so muchhh,ğŸ˜‘ ï¸,0.0
3487,5891,RT 5SOSPHOfficial And we thankyou for helping  TheColorCloud2016 httpstco7HeZHJlS3R,ğŸ˜‘ ï¸,0.0
3489,5893,RT kearafarley Happy 17th sis hope Italy is treatin ya well miss you amp our fights love you  sarspitzer httpstcot6Kin05txW,ğŸ˜‘ ğŸ¤— ï¸,4.0
3493,5897,6YearsOfOneDirection Love these boys forevs  httpstco1ZFbOjusI4,ğŸ˜‘ ï¸,0.0
3502,5912,soohyun having a crisis washing her face and chanhyuk trying to expose her has me deceased I love them,ğŸ˜‘ ğŸ˜‚,4.0
3504,5917,RT krys_pics RT if you love fx   httpstcoSKa7N6P3y8,ğŸ˜‘ ï¸,0.0
3509,5931,RT allure_essence I love my relationship  even on the worst days  wouldnt trade it for the world,ğŸ˜­ ğŸ˜‘ ğŸ˜Œ,-1.0
3513,5935,Have a lovely weekend best person  even we cant wait for our time together 2morrowAskVikram24thJuly9pm LOVE U httpstcoejD3WToyRy,ğŸ˜  ğŸ˜‘  â˜º,4.0
3516,5938,RT damnitstrue I LOVE THIS   httpstcoYtbs2G9iUP,ğŸ˜­ ğŸ˜‘ ğŸ˜‚,0.0
3522,5967,Irina_Vukolova  And we go to live in France 12 km from Paris It is NOT a joke My love Im NOT kidding,ğŸ˜ƒ ğŸ˜˜ ğŸ˜‘,7.0
3523,5970,Bes i love you ah Ricci09rivero,ğŸ˜‘ ğŸ˜‚ â˜º ï¸,4.0
3525,5974,Love the fact that shes always in a happy mood httpstcojSFfF2U8dq,ğŸ˜‘ ğŸ˜‚ ğŸ˜‹,8.0
3532,5990,Lolsomizi just love humiliating these poor souls yazi MaraNjabulo sees himself in the Top10 IdolsSA,ğŸ˜± ğŸ˜‘ ğŸ˜‚ ğŸ˜²,3.0
3544,6018,niquueeeey lol Im sorry doll It wasnt on purpose I hope you still love me See you tomorrow,ğŸ˜‘ ğŸ˜˜  â˜º ï¸,4.0
3546,6020,RT harryaIright zayndruugs love you moreeee httpstcoZsc3y5xryy,ğŸ˜‘ ğŸ˜,4.0
3547,6021,RT valerierosec13 6YearsOfOneDirection i have so much love for these amazing boys,ğŸ˜‘ ï¸,0.0
3549,6030,RT MissCGiggles Dorks The biggest Dorks but I love it  httpstcoIvX1SStPQ6,ğŸ˜‘ ğŸ˜Š,3.0
3556,6053,Mayaveli I love fluffy ass lashes so if anybody has some recommendations lmk,ğŸ˜‘ ğŸ˜,-1.0
3558,6055,RT lucylu7774 armonie2014 good morning my beautiful girl  hope you are good  love you my beautiful friend  httpstcov0WJltjK15,ğŸ˜˜ ğŸ˜‘ ğŸ˜,8.0
3564,6070,RT LeslieeRojass Love love love my man,ğŸ˜‘ ğŸ˜›,1.0
3576,6115,gemmaisagnome I told you I prepared I love you too and youre welcome enjoy your birthday,ğŸ˜‘  ğŸ˜˜,4.0
3577,6119,6YearsOfOneDirection https,ğŸ˜‘ ï¸,0.0
3581,6124,kaitlynnwinn cherlizzzle Bunnyn_n love yall squared,ğŸ˜‘ ğŸ˜˜,4.0
3585,6129,In Auntie Pams words youre breathing like a lesbian God gotta love Res auntie,ğŸ˜‘ ğŸ˜‚,4.0
3587,6132,RT Viviana92372018 Already 6 years i will never be able to thank the boys for what they do i love them so much 6YearsOfOneDirection htt,ğŸ˜‘ ğŸ˜–,-2.0
3589,6134,RT ab_bowen07 I love this girl OliviaDBuck  such an amazing birthday meal mine,ğŸ˜‘ ï¸,0.0
3590,6135,RT Manderz_24 Hello help me Im crying I love FGL help omg,ğŸ˜‘ ğŸ˜­,-4.0
3617,6174,RT luanakerley1 they are so talented beautiful amazing  love you so much MeetTheJanes ListenTheJanes httpstcoDOouingiA5,ğŸ˜‘  ğŸ˜,4.0
3625,6183,aleyarath thanks love,ğŸ˜‘ ğŸ˜Š,3.0
3628,6188,This girl is so crazy I love it  httpstcoq9pHk1Eabs,ğŸ˜­ ğŸ˜‘ ğŸ˜‚,0.0
3630,6190,RT just_monicaa Same here boo httpstcoRItKhDc2Lu,ğŸ˜‘ ï¸,0.0
3638,6204,RT shahistasheikh2 Absolutely right He is a supermanlove kapil  httpstcoYurivhmJpp,ğŸ˜˜ ğŸ˜‘,4.0
3643,6209,dreamygirl_89 justinbieber oh youre in love  lol  btw what youre thinking about changing the fonts of bio,ğŸ˜ ğŸ˜²  ğŸ˜‘,7.0
3644,6210,ahhhreekahhh I love you tho,ğŸ˜˜ ğŸ˜‘,4.0
3648,6216,Happy belated birthday to my mate Tombladen22 sorry its late my love,ğŸ˜‘ ğŸ˜˜,4.0
3659,6239,Oh its amazing  httpstcobNmUgf77EK,ğŸ˜‘  ğŸ˜»,4.0
3663,6251,Indeed the best section EVAHHH I still love you all even if you guys are so weird as balls 7A St Joseph Marchand httpstcouw7x4AeOZC,ğŸ˜‘ ğŸ˜‚,4.0
3671,6265,RT jadaishcomer I love doing shootswith my baby httpstcoUZXYHPaXPI,ğŸ˜‘ ï¸,0.0
3673,6268,ilovang6el01_ thats all youll ever need girl I love not wearing bras,ğŸ˜‘ ğŸ˜‚,4.0
3674,6269,kiyara_brownie i love you sm  thank you,ğŸ˜­ ğŸ˜‘ ğŸ˜»,0.0
3684,6291,RT positivenjhx Heres a note to my directioner family I really cant explain how much I love you guys  1DsPromiseWillNotBeBroken http,ğŸ˜‘ ğŸ˜š,3.0
3689,6307,I be singing my heart out httpstcotMSxgeKpaz,ğŸ˜‘ ğŸ˜‚ ğŸ˜,8.0
3696,6317,Cant believe its been 6 years Thank you for everything I love you guys beyond words 6yearsof1D onedirection httpstcoGVOsVrZxHp,ğŸ˜‘ ï¸,0.0
3700,6321,DobreLucas I love you bae,ğŸ˜‘ ğŸ˜‚,4.0
3702,6326,tristanmcintosh I love those docs,ğŸ˜˜ ğŸ˜‘ ï¸,4.0
3703,6327,happy birthday bradley love ya bro,ğŸ˜‘  ï¸,0.0
3705,6329,RT PriscillaGuhhh Would love to have a Harry Potter movie marathon night with my favorite snacks,ğŸ˜‘ ï¸,0.0
3718,6353,HAPPY BIRTHDAY KUYA I LOVE YOU SO MUCH BRUH THANK YOU FOR EVERYTHING AND AYE TU FOR A YOUNGIN httpstcowpbRAnTkk2,ğŸ˜‘ ğŸ˜ˆ ï¸,-4.0
3720,6355,RT _kpaige19 xo_revajusteen you thought I was running to go hug you but told you to move out the way  much love,ğŸ˜‘ ğŸ˜‚ ï¸,4.0
3730,6367,RT MattieValentine Hey America its been sick as usualWont be seeing yall for a while now so thank for everything love you all  h,ğŸ˜‘  ï¸,0.0
3734,6375,6YearsOfOneDirection httpstcopHPtLKAGLs,ğŸ˜‘ ğŸ˜‚ ï¸,4.0
3736,6380,Im with it  httpstcoeaUcdSs1fh,ğŸ˜‘ ğŸ˜,4.0
3740,6384,Love passion of my Life  httpstconvBzSJUO8E,ğŸ˜‘ ğŸ˜»,4.0
3743,6395,Im starting to love Ariana Grande,ğŸ˜‘ ğŸ˜˜ ğŸ˜,8.0
3752,6408,RT nataliexxstyles 6YearsOfOneDirection thank you for making me happy all these years I love you with all my heart Til the end boys  h,ğŸ˜‘ ï¸,0.0
3753,6410,RT dmfNY Love all the pics weve gotten from SDCC so far but this ones my favorite Love seeing our boys together  J2  httpstco,ğŸ˜‘ ğŸ˜Š,3.0
3756,6415,me amp suheily are watching The Lovely Bones together while video chatting i swear i love her,ğŸ˜‘ ğŸ˜‚,4.0
3759,6418,6YearsOfOneDirection onedirection I love you with all of my heart you mean the world to me,ğŸ˜‘  ï¸,0.0
3760,6419,RT TylerTrinca Happy birthday you little brat I love you   KaitlynnTrinca,ğŸ˜‘ ï¸,0.0
3764,6437,RT _ShayThaG I Love Sleeping With No Clothes On,ğŸ˜‘ ğŸ˜© â˜º ï¸,-2.0
3774,6450,BurrowandHide hearing you on heartradio right now Love it So proud,ğŸ˜™ ğŸ˜‘,3.0
3779,6463,__queencass happy birthday bitch  fuck shi up  love you boo,ğŸ˜‘ ğŸ˜ˆ,-4.0
3781,6465,iamchocolate__ terriad_ dakiya_  love you too,ğŸ˜˜ ğŸ˜‘ ğŸ˜Š,7.0
3790,6475,Too much heart break story,ğŸ˜‘ ğŸ˜¹,4.0
3791,6476,love you babe  httpstcoYZe7cqyxhm,ğŸ˜˜ ğŸ˜‘,4.0
3798,6486,but first photoshop a charlena one amp Ill love you forever httpstcom5KrymJQac,ğŸ˜‘ ğŸ˜‚,4.0
3816,6525,onedirection wow three years its incredible  love you guys,ğŸ˜‘  ğŸ˜¢,-2.0
3817,6526,itsthepoo happy 22nd birthday beautiful girl Sending you so much love happiness and best wishes all the way from Australia,ğŸ˜‘  ï¸,0.0
3818,6527,I choose to love juncola,ğŸ˜‘ ğŸ˜Š,3.0
3820,6531,I love constant attention like yesss love me tell me im pretty,ğŸ˜‘ ğŸ˜,4.0
3822,6536,I just love Tiger Shiva  TWD TWDSeason7Trailer TheWalkingDead httpstcoQ99H6dXzEc,ğŸ˜‘ ğŸ˜,4.0
3826,6540,RT Mamabiscuiitt This is the cutest thing Ive seen today omfg shes so cute with kids see even babies love her salice_roseee  https,ğŸ˜‘ ğŸ˜© ğŸ˜,2.0
3834,6557,where did these come from but thank u I love you httpstcoMwNbOkmPPP,ğŸ˜‘ ğŸ˜Ÿ,-4.0
3839,6569,RT LaurenJauregui Babiessss Im seeing all your trends and I love youu so so much,ğŸ˜‘ â˜º ï¸,0.0
3845,6576,Id love to age like my mom,ğŸ˜‘ ğŸ˜¥ ğŸ˜,3.0
3849,6581,No way U still a baby Lol Love you my queen  httpstcoynfmrKbwLe,ğŸ˜­ ğŸ˜‘ ğŸ˜,0.0
3862,6615,aubaaayy bc I love it so much,ğŸ˜‘ ğŸ˜© ï¸,-2.0
3864,6622,m_ariah_m,ğŸ˜‘ ğŸ˜,4.0
3868,6627,RT sugg_lee9194 Love them  httpstcorJabOe9z6q,ğŸ˜‘ ï¸,0.0
3895,6673,6 years of falling in love with 5 dorky boys and not being able to find a boyfriend  6YearsOfOneDirection httpstcotx2rt2A75a,ğŸ˜‘ ğŸ˜‚,4.0
3898,6678,RT Chandra1Vinod dilruba_lees  Please enjoy weekend  The way you wish  peace smile and love  Yui have big heart  htt,ğŸ˜‘ ï¸ ğŸ˜Š,3.0
3901,6683,kvmya_ I love me too,ğŸ˜˜ ğŸ˜‘,4.0
3910,6704,If you on twitter rn and you love sex let me get a hell yeah,ğŸ˜‘ ğŸ˜‚,4.0
3914,6714,Happy 18th birthday jaylabaco thanks for always being there for me amp teaching me about cars love ya lots  httpstcoKLgGVgWqa6,ğŸ˜‘ ğŸ˜Œ  ï¸,3.0
3921,6730,MajorThrowback AshvikianForever NB6Memories httpstcot7ErqKZUTE,ğŸ˜‘ ğŸ˜‚ ğŸ˜,8.0
3923,6733,HOW CAN I LOVE WHEN IM AFRAID TO FALL,ğŸ˜‘ ğŸ˜ª ğŸ˜¶,0.0
3924,6734,evelynr_99 I love it too,ğŸ˜‘ ğŸ˜‚ ï¸,4.0
3928,6739,RT thaniarojas_ Happy Birthday to my OG Sandia I love you so much girl  Have good one turnup  httpstcoOM6FP3qw7b,ğŸ˜‘ ğŸ˜‰ ï¸ ğŸ˜Š,7.0
3930,6741,jessicaalopez2_ Love you,ğŸ˜‘ ğŸ˜Š,3.0
3933,6744,From this day I fell in love with my X Factor faves and today they are 6 Gosh  My boys have all grown up 6YearsOfOneDirection,ğŸ˜­ ğŸ˜‘,-4.0
3946,6770,RT TheReivinRein TimothyOca happy birthday my one amp only priti Enjoy ur day Its ur lucky day  hahaha mwa love you,ğŸ˜˜ ğŸ˜‘ ï¸,4.0
3954,6788,RT eternallyixing YIXING GRINDING AGAINST THE CANE DURING ltARITIFICIAL LOVEgt  HES SO SEXY AND HOT OH GOD SOMEONE STOP HIM  https,ğŸ˜‘ ğŸ˜©,-2.0
3975,6837,RT mixxed_babyyy If I say I love you I mean it,ğŸ˜‘ ï¸,0.0
